transform,dtype,beta,rapidity,angle,num_samples,relative_l2_mean,relative_l2_p10,relative_l2_p90,relative_l2_max,max_absolute_mean,max_absolute_max
boost,float32,0.0,0.0,,48,0.0,0.0,0.0,0.0,0.0,0.0
boost,float32,0.02475,0.024755055498840526,,48,0.0007115084067495425,2.6688038365792354e-05,0.0009151044664127472,0.013570347786744655,0.0038069821916520987,0.08449234841723352
boost,float32,0.0495,0.04954048866610192,,48,0.00028060032769279135,2.3427687771672396e-05,0.0006622022014804794,0.002738820223611839,0.0015577275278747659,0.026381655915896474
boost,float32,0.07425000000000001,0.07438690143069122,,48,0.0006908491465285486,3.965684649273389e-05,0.001323853265893993,0.008552894729253144,0.003996229613429992,0.08673658475733004
boost,float32,0.099,0.09932534839764173,,48,0.000648089608051739,2.771306383690685e-05,0.0010027667667000199,0.013828938038439102,0.002420891632980716,0.024346435005943245
boost,float32,0.12375,0.1243875737185151,,48,0.0005623871878740951,2.7327029787354144e-05,0.0011825492301600728,0.009679465300875215,0.0024239928045488262,0.026723007404060084
boost,float32,0.14850000000000002,0.149606261013205,,48,0.0005160991294733829,2.8848998715167687e-05,0.0008534001668199443,0.006745987742138566,0.0026779791864885217,0.05169924650644808
boost,float32,0.17325000000000002,0.17501530140631247,,48,0.0007946342335096048,2.6371392333445095e-05,0.0008517329481245644,0.019034192702583955,0.002964511927834856,0.04834385270970398
boost,float32,0.198,0.20065008540444007,,48,0.000560225294664617,3.0154716906218485e-05,0.0010395793783454742,0.009012306709824017,0.002464858211325892,0.020671655175686254
boost,float32,0.22275,0.2265478252403017,,48,0.0006070320117884355,3.0786263363218156e-05,0.0011272612206780878,0.008606391813967275,0.0036724765591743605,0.08184993712499566
boost,float32,0.2475,0.2527479155013215,,48,0.0007959632399235367,2.5026578910718815e-05,0.0013865253195530526,0.011344368441280367,0.0036731655903161037,0.05406104149985014
boost,float32,0.27225,0.2792923414216047,,48,0.0004960140403568792,2.8316574628667804e-05,0.0010684916711758276,0.005655647047050188,0.0021697444716467715,0.02253294200285083
boost,float32,0.29700000000000004,0.3062261462528895,,48,0.0006016253014202818,3.725774813354967e-05,0.0013829243019369956,0.0054435415169949795,0.003204262683664524,0.03871811104273881
boost,float32,0.32175000000000004,0.33359797178825923,,48,0.0005480653166080362,3.64926998749064e-05,0.001170494803157704,0.00575012071503404,0.002558719548184315,0.026695049085598166
boost,float32,0.34650000000000003,0.3614606895936885,,48,0.0009153659209234145,3.8449565908694746e-05,0.0011439800487664253,0.02311676708722208,0.0037985156007602633,0.05129782512043457
boost,float32,0.37125,0.3898721450877456,,48,0.0016124784308215422,3.227441830446533e-05,0.0014029588938898837,0.05264055645464757,0.0057574473864100304,0.11898813384763862
boost,float32,0.396,0.4188960426937514,,48,0.0013893363326606286,3.439690419883705e-05,0.001041978058776301,0.047258954220075436,0.004929533667031305,0.11041617699744943
boost,float32,0.42075,0.4486030084323726,,48,0.001965278442379178,3.2921519376442406e-05,0.0008271227698963884,0.07550858458856809,0.0058691310271360405,0.18083918444862412
boost,float32,0.4455,0.4790718773329895,,48,0.0026163829912364896,3.271216098876665e-05,0.0011827237548118726,0.10155312728937194,0.007934219572889015,0.2499144053842719
boost,float32,0.47025,0.5103912680958285,,48,0.0016721711771031484,4.519709965404833e-05,0.00105499102304988,0.053288107868333066,0.006315490933992188,0.13516680943548076
boost,float32,0.495,0.5426615282747135,,48,0.0010071980567917095,3.95316060924838e-05,0.0011398818717914536,0.02444134776577981,0.00409967039454437,0.06412193776167152
boost,float32,0.5197499999999999,0.5759971624900828,,48,0.0017501387550099895,3.1825832566460084e-05,0.001575921920227418,0.05707119753296376,0.006153342839463435,0.15389708849991912
boost,float32,0.5445,0.6105298978293117,,48,0.002609386289936346,3.806713876520399e-05,0.0015593892187221463,0.0979772632841853,0.009026089887315158,0.2728646119917788
boost,float32,0.5692499999999999,0.6464126008948009,,48,0.0016096471166253234,3.883873449169791e-05,0.0018429785252162285,0.04408077570341579,0.007387095273746754,0.12674472888710087
boost,float32,0.594,0.6838243498742138,,48,0.0010158485202216665,2.7412671070510238e-05,0.002030974530206861,0.01017013291373351,0.006176308857624921,0.06452546212258592
boost,float32,0.61875,0.7229770987631133,,48,0.0010160589824996498,3.757695964713247e-05,0.0017726923725032322,0.016754524318691594,0.00497722061335673,0.05186145452878144
boost,float32,0.6435,0.7641245766249617,,48,0.0008195213684662793,3.843290338534853e-05,0.0015843268833382754,0.010077684740458812,0.004689728936594432,0.05510520406854358
boost,float32,0.66825,0.8075743892856996,,48,0.0014781493465364798,3.96685776902537e-05,0.001452990071276619,0.04633280109645928,0.0071422823916646285,0.15539288769514847
boost,float32,0.693,0.853704817272969,,48,0.0012301923399657738,3.4241670695139054e-05,0.0020631211859463926,0.025450888387834457,0.007079655942162703,0.08948416099530743
boost,float32,0.71775,0.902988685440707,,48,0.00117010188252966,3.3739340485773666e-05,0.0020590056100960154,0.026270078917196897,0.0065512266946963936,0.09590614535535069
boost,float32,0.7424999999999999,0.9560282112654439,,48,0.0008972205399680692,4.263243244887668e-05,0.00214375486204698,0.008179246842793432,0.007165166922988057,0.07913552709619864
boost,float32,0.76725,1.0136075144469434,,48,0.004001286856459543,3.08206366683837e-05,0.0020586021101131236,0.15897327958228727,0.01832118405647108,0.6510558472368349
boost,float32,0.792,1.076774756916779,,48,0.0012677434589493351,4.002794135951392e-05,0.00246253010361354,0.01834485152079622,0.009292903283512769,0.101852480750523
boost,float32,0.81675,1.146976564364992,,48,0.0025913521098986886,4.147856965585714e-05,0.0038709936156921965,0.07533833575747834,0.017011491716596848,0.3483177759677183
boost,float32,0.8415,1.2262905712838925,,48,0.0035417623197212937,3.232114092604742e-05,0.0032239904641094197,0.12371506864783695,0.023435165010373394,0.6215519657917339
boost,float32,0.86625,1.317856981538642,,48,0.0016345840501038296,3.5996170252185484e-05,0.004393485919997698,0.012199019265967599,0.01659791867887175,0.224443472268689
boost,float32,0.891,1.426756593214657,,48,0.00313786399962496,3.256064128711648e-05,0.004547121514359854,0.07590290589301531,0.028711176965924096,0.4644672320772214
boost,float32,0.91575,1.562037950309021,,48,0.0025257838562152664,2.5480758005645227e-05,0.0044111003084474,0.03273251493836341,0.03347061910903773,0.3425091689815005
boost,float32,0.9405,1.7423623191286886,,48,0.011204578208175157,4.3021792181686575e-05,0.008963875927290157,0.3471759895372046,0.1219826082535765,2.9049901500361557
boost,float32,0.9652499999999999,2.0175975853315316,,48,0.012585330200346086,6.263857882865442e-05,0.018468333307982403,0.35224241520825156,0.21086882727376535,3.897681703499991
boost,float32,0.99,2.6466524123622457,,48,0.06640151286447142,0.0001913250516301222,0.04194158660699378,2.154066688236171,1.9803239631097866,44.43144667500755
rotation,float32,,,0.0,48,0.0,0.0,0.0,0.0,0.0,0.0
rotation,float32,,,0.15707963267948966,48,0.00047725607449860624,2.854342554730793e-05,0.0009827961851038244,0.007377323341194325,0.0024581585826954915,0.03584835750602622
rotation,float32,,,0.3141592653589793,48,0.00039281310447059444,2.569319999896636e-05,0.0007937206097329501,0.006831290391466174,0.0014773383184343142,0.016469286436517905
rotation,float32,,,0.47123889803846897,48,0.0005300673003082623,3.09938368380241e-05,0.0010680536937688787,0.006081191191410404,0.0035249028070093434,0.050685834596780666
rotation,float32,,,0.6283185307179586,48,0.0008018935828811594,3.429091781854858e-05,0.0006570818966083375,0.017632847518058808,0.003280306356750586,0.06472939379321296
rotation,float32,,,0.7853981633974483,48,0.0008265265289219234,3.08956066739817e-05,0.0010001414492714134,0.017380750682620898,0.00399419897030119,0.06992163067562096
rotation,float32,,,0.9424777960769379,48,0.0005721537108924355,3.4129772991316095e-05,0.001333066032597644,0.006157755302039546,0.0035777869981189147,0.06046851913193585
rotation,float32,,,1.0995574287564276,48,0.0006356777349876726,3.027406541215212e-05,0.0013586256191047456,0.01359513185439037,0.0024747159888847473,0.02622464790967527
rotation,float32,,,1.2566370614359172,48,0.001054693696524354,2.6746860036649994e-05,0.0007555931134264509,0.03271951144227696,0.0032845058738146375,0.053150255050047335
rotation,float32,,,1.413716694115407,48,0.0006190793515163825,2.9403396780606746e-05,0.000823217337191023,0.010067447182964756,0.003108472436562136,0.06818232534057067
rotation,float32,,,1.5707963267948966,48,0.0005233833456468833,1.9476949795012453e-05,0.0010289737307063302,0.012252918025406085,0.004148356228071436,0.1367365512325378
rotation,float32,,,1.7278759594743862,48,0.0004787262511131418,3.032936130589217e-05,0.0009869768361047838,0.005921462893857274,0.003080618580204667,0.06836524574010916
rotation,float32,,,1.8849555921538759,48,0.0004943216195191769,1.8350674693939764e-05,0.001176689735661152,0.005705176825304087,0.002688102313001582,0.03282712894797157
rotation,float32,,,2.0420352248333655,48,0.00035376934266206396,2.362477910599306e-05,0.0006752267945595873,0.0037321958044200993,0.0023435759144591023,0.042405972898118094
rotation,float32,,,2.199114857512855,48,0.000582838342458551,3.32884784171815e-05,0.0010710165401938997,0.007346654917698645,0.003533672412002165,0.052066818261502945
rotation,float32,,,2.356194490192345,48,0.00036677055665949805,2.2291286462592895e-05,0.0005730255064489944,0.0051626166884371485,0.002185459204629597,0.04113088098893769
rotation,float32,,,2.5132741228718345,48,0.0003513702164125938,2.4818927994586877e-05,0.0006929112069862656,0.003929459005647313,0.002601116802899941,0.039896321405432644
rotation,float32,,,2.670353755551324,48,0.0005388798399609871,3.281310393116924e-05,0.000557202683108597,0.012365959394994972,0.002475934935898257,0.03540026900236626
rotation,float32,,,2.827433388230814,48,0.0011530873361280793,2.4764024885936836e-05,0.0005627878732848571,0.039663996569696255,0.0037380873236530724,0.06510181865134612
rotation,float32,,,2.9845130209103035,48,0.0005877709002179742,3.153991388158768e-05,0.0007360547020762936,0.011597750874980538,0.004159665390124533,0.13277247104570833
rotation,float32,,,3.141592653589793,48,1.146589178700657e-12,1.0047432688629918e-14,7.718482356347115e-13,4.063242941884319e-11,3.1698330303179625e-12,6.644462757776637e-11
rotation,float32,,,3.2986722862692828,48,0.00047725607474951426,2.8543425695093024e-05,0.0009827961857266265,0.007377323342421301,0.002458158583785918,0.03584835752698545
rotation,float32,,,3.4557519189487724,48,0.00039281310422250595,2.5693200047098894e-05,0.0007937206102289051,0.006831290381275013,0.001477338317490018,0.016469286426342933
rotation,float32,,,3.612831551628262,48,0.0005300673006452804,3.0993836797914164e-05,0.001068053693230527,0.006081191206725722,0.0035249028078148032,0.05068583459215148
rotation,float32,,,3.7699111843077517,48,0.000801893583617662,3.429091776946134e-05,0.0006570818969187251,0.017632847553568625,0.0032803063581697735,0.06472939379982812
rotation,float32,,,3.9269908169872414,48,0.0008265265290382163,3.0895606593081505e-05,0.0010001414471843305,0.017380750690661983,0.003994198970368258,0.06992163069900137
rotation,float32,,,4.084070449666731,48,0.0005721537109947115,3.4129773001494226e-05,0.0013330660342427316,0.006157755303355639,0.003577786998875432,0.060468519162217405
rotation,float32,,,4.241150082346221,48,0.0006356777352524795,3.0274065518718243e-05,0.0013586256209567103,0.01359513185731825,0.0024747159894677397,0.026224647924797395
rotation,float32,,,4.39822971502571,48,0.001054693696822153,2.6746860202316446e-05,0.0007555931141198588,0.032719511458639876,0.003284505874155253,0.05315025507680282
rotation,float32,,,4.5553093477052,48,0.0006190793509418048,2.9403396661050864e-05,0.0008232173369471356,0.01006744715466882,0.0031084724361711328,0.06818232539628433
rotation,float32,,,4.71238898038469,48,0.0005233833450032912,1.9476949713676206e-05,0.001028973720504271,0.012252918028334406,0.004148356228334702,0.13673655127724338
rotation,float32,,,4.869468613064179,48,0.0004787262512441966,3.0329361286944013e-05,0.0009869768357193276,0.00592146289734843,0.0030806185814643374,0.06836524578102399
rotation,float32,,,5.026548245743669,48,0.0004943216190980995,1.8350674702782568e-05,0.0011766897357387723,0.005705176818430293,0.002688102311742914,0.032827128932948924
rotation,float32,,,5.183627878423159,48,0.0003537693425366251,2.3624779877093368e-05,0.000675226795037136,0.0037321958092950396,0.0023435759154981604,0.04240597295599713
rotation,float32,,,5.340707511102648,48,0.0005828383423750121,3.328847843821755e-05,0.001071016539226216,0.007346654912391643,0.00353367241102762,0.052066818238809986
rotation,float32,,,5.497787143782138,48,0.00036677055676323945,2.229128647510027e-05,0.0005730255072868742,0.0051626166916522095,0.0021854592048313223,0.04113088095779638
rotation,float32,,,5.654866776461628,48,0.0003513702161724711,2.4818928157145842e-05,0.0006929112060419151,0.003929459006791564,0.0026011168028236484,0.039896321440670235
rotation,float32,,,5.811946409141117,48,0.0005388798402202178,3.2813103824464236e-05,0.0005572026838526553,0.012365959405751208,0.0024759349359646274,0.03540026898876292
rotation,float32,,,5.969026041820607,48,0.0011530873359003008,2.4764024868647135e-05,0.0005627878733674183,0.039663996553871685,0.0037380873252180185,0.06510181871339427
rotation,float32,,,6.126105674500097,48,0.0005877709007076049,3.153991388598022e-05,0.0007360547022045742,0.011597750877684403,0.004159665391590792,0.13277247107441603
rotation,float32,,,6.283185307179586,48,7.862563660017723e-13,1.2219386383165736e-14,1.1367177611217688e-12,2.2208299424711453e-11,2.9410097042899728e-12,4.191136326880951e-11
rotation_fixed_axis,float32,,,0.0,48,0.0,0.0,0.0,0.0,0.0,0.0
rotation_fixed_axis,float32,,,0.15707963267948966,48,8.109304895787245,0.6638167341018631,17.251946745671965,81.89056846431279,35.1112994653603,329.9239103112672
rotation_fixed_axis,float32,,,0.3141592653589793,48,18.8510158469942,1.3183439975179145,56.480962779278514,115.47406298879721,50.71171060502612,345.3855943529927
rotation_fixed_axis,float32,,,0.47123889803846897,48,29.200702110250518,2.369793343114439,79.52482786935774,425.6936283540384,78.87845400968554,1362.3244302351711
rotation_fixed_axis,float32,,,0.6283185307179586,48,75.90319348345916,2.466723278208287,106.86139000136448,1046.9941614854727,222.00997858618584,2820.5567720325666
rotation_fixed_axis,float32,,,0.7853981633974483,48,107.54349889949107,2.9383554953164315,208.52783205932897,1298.090805160113,337.2518100594185,3560.3445378600054
rotation_fixed_axis,float32,,,0.9424777960769379,48,149.56501501848504,3.291036212621512,485.345918356377,1340.5865569599111,478.77826380552597,4718.662125532736
rotation_fixed_axis,float32,,,1.0995574287564276,48,187.2415989496903,5.8468619678580795,569.7127869833398,1621.2366358598056,531.4214296177023,5223.40045156665
rotation_fixed_axis,float32,,,1.2566370614359172,48,290.09730960481573,6.499987852277408,731.7706207500106,3065.0404513732046,712.9751420685258,8368.338667071986
rotation_fixed_axis,float32,,,1.413716694115407,48,388.77963783241785,6.896384363501921,930.5343086209956,3812.390089340258,938.5221756734222,10872.216273599342
rotation_fixed_axis,float32,,,1.5707963267948966,48,477.8354792475029,7.00547619351075,1430.8035189949421,3788.9502443463184,1035.342524388526,10120.612970642691
rotation_fixed_axis,float32,,,1.7278759594743862,48,541.3174439320578,10.651160854072732,1598.133231572839,4250.656266128476,1157.0413974169212,11304.433320804997
rotation_fixed_axis,float32,,,1.8849555921538759,48,557.5927020628329,12.743135008884687,1465.2066894665231,4375.632907907268,1206.7244189635608,12065.37223316181
rotation_fixed_axis,float32,,,2.0420352248333655,48,571.5794613695397,19.052106172733552,1424.8123342697413,3714.5594155920994,1213.445849094487,10391.544221524367
rotation_fixed_axis,float32,,,2.199114857512855,48,594.6035138354192,27.123860107311753,1532.1017931898496,3091.756219906181,1324.3075620357647,8897.055749342448
rotation_fixed_axis,float32,,,2.356194490192345,48,567.8859421389587,27.00211910383253,1269.8621149706196,2730.1467584251573,1205.2338645969892,7206.558214902509
rotation_fixed_axis,float32,,,2.5132741228718345,48,551.6451752560275,26.87249023766106,1182.5933077798732,2497.0172662149826,1130.0492974943966,5867.237453875262
rotation_fixed_axis,float32,,,2.670353755551324,48,545.2506634959306,30.568514287489606,1387.743421082726,2286.2013897175284,1109.8004821148697,5848.141355202976
rotation_fixed_axis,float32,,,2.827433388230814,48,538.9825457184952,34.36300114993935,1225.800517004579,2149.2099035908022,1080.4429220221512,5760.946966982693
rotation_fixed_axis,float32,,,2.9845130209103035,48,539.6115257825926,33.60140830516892,1232.2981001921735,2080.2442491066436,1077.7775759965364,5619.460144365961
rotation_fixed_axis,float32,,,3.141592653589793,48,540.1304121401863,32.12710120842248,1231.9407781201185,2059.558042246767,1075.2905453586554,5602.563105444693
rotation_fixed_axis,float32,,,3.2986722862692828,48,540.0583377115637,32.263307969936,1226.429848072205,2085.043857276323,1075.03479890516,5623.496310907852
rotation_fixed_axis,float32,,,3.4557519189487724,48,539.1610443561871,33.983440257511575,1211.4904656194574,2160.7693478275837,1072.6479931759604,5708.175993233334
rotation_fixed_axis,float32,,,3.612831551628262,48,545.9469129256,31.730332044353098,1351.9107820080628,2310.8762337495873,1104.2014373791299,5733.93378498332
rotation_fixed_axis,float32,,,3.7699111843077517,48,554.7727086137403,26.29050957624485,1196.0442824851507,2521.655059744877,1129.3718113574173,5927.487671547884
rotation_fixed_axis,float32,,,3.9269908169872414,48,568.2196299423177,22.720408356135117,1334.4951939037376,2753.5873926431905,1187.8968445253424,7114.523007400631
rotation_fixed_axis,float32,,,4.084070449666731,48,590.9613425582451,22.651430532672354,1580.039074790421,2962.9698351958614,1270.4213571363405,8596.066574371163
rotation_fixed_axis,float32,,,4.241150082346221,48,572.3032822140154,16.162801889317716,1505.0975543345714,3424.043549468952,1202.5687876983768,9753.127396008173
rotation_fixed_axis,float32,,,4.39822971502571,48,574.5322930530068,9.953917309050063,1744.8935591277118,4318.9949604315625,1214.2913063389406,12011.50751475523
rotation_fixed_axis,float32,,,4.5553093477052,48,560.416962285823,8.939326948966265,1717.7129997858212,4428.501823064374,1144.9581287188514,11801.359322731998
rotation_fixed_axis,float32,,,4.71238898038469,48,496.4446922796206,6.385232194285324,1550.3808555163507,3999.9091002473874,1058.571244611044,10699.700842162538
rotation_fixed_axis,float32,,,4.869468613064179,48,397.3656692185041,6.749515332819554,1115.4494556761128,3939.166842028268,953.040847321476,11091.685936543281
rotation_fixed_axis,float32,,,5.026548245743669,48,302.2677442582885,6.902209388990294,835.668025390743,3360.3154653442252,732.9228806206461,9542.089221474502
rotation_fixed_axis,float32,,,5.183627878423159,48,195.6953277421983,6.478114691121152,634.1593992173487,1675.750015149247,555.9322520482336,5837.870665779016
rotation_fixed_axis,float32,,,5.340707511102648,48,130.60243727705873,4.0169102988746035,416.9269362100888,1349.607993321385,376.67750163160963,3440.927861297091
rotation_fixed_axis,float32,,,5.497787143782138,48,106.97497781889608,3.679780227851243,169.36895853278085,1310.4486554325783,314.3531861320364,3554.193744459182
rotation_fixed_axis,float32,,,5.654866776461628,48,77.5947102123131,3.62864290630782,107.13689058492348,1018.8708251199953,224.19693638401841,2836.956791515123
rotation_fixed_axis,float32,,,5.811946409141117,48,28.2001067336238,2.665406567612353,63.622027892088674,380.3341770723761,71.71650618878749,1019.347435789483
rotation_fixed_axis,float32,,,5.969026041820607,48,19.953613294693838,1.1877802889927227,49.05859173333153,166.75088766076877,53.80615907404333,575.635818553624
rotation_fixed_axis,float32,,,6.126105674500097,48,15.88682023722054,0.6804518287204396,19.331344611649502,365.02884192841975,37.910358820032,316.4320353261246
rotation_fixed_axis,float32,,,6.283185307179586,48,6.990970420996126e-13,1.5478071519218987e-14,6.725665336471125e-13,2.2208446392052156e-11,2.351534476400611e-12,4.191136326880951e-11
boost,float64,0.0,0.0,,48,0.0,0.0,0.0,0.0,0.0,0.0
boost,float64,0.02475,0.024755055498840526,,48,2.2079559450804914e-12,8.959461239915727e-14,2.9838470140827834e-12,4.19950207115376e-11,1.0877601626148778e-11,1.6682744075069422e-10
boost,float64,0.0495,0.04954048866610192,,48,1.7746358111708205e-12,1.5481310209716601e-13,3.0007583834244085e-12,2.6077026272394923e-11,1.061323873114787e-11,2.632123408119469e-10
boost,float64,0.07425000000000001,0.07438690143069122,,48,2.040447629246368e-12,1.105961357674496e-13,4.215257158320262e-12,2.7994064488786774e-11,1.1823173227491305e-11,2.3335577914451733e-10
boost,float64,0.099,0.09932534839764173,,48,2.5574989071945227e-12,1.0629493654134184e-13,3.902320793763709e-12,4.228904449082912e-11,1.1520402109129376e-11,2.2737389748783698e-10
boost,float64,0.12375,0.1243875737185151,,48,1.916758044137522e-12,1.0610312167724612e-13,2.28060374640744e-12,3.371780285182647e-11,1.3581148647819527e-11,3.2843971986551423e-10
boost,float64,0.14850000000000002,0.149606261013205,,48,3.6753142819234776e-12,1.362147697400658e-13,3.6081943794680196e-12,8.168126297270465e-11,1.719890419318859e-11,4.450610990858195e-10
boost,float64,0.17325000000000002,0.17501530140631247,,48,2.6501418728116187e-12,1.5972556172192383e-13,3.823532600816348e-12,3.3516427437653885e-11,1.1723106426581031e-11,2.3674084914659943e-10
boost,float64,0.198,0.20065008540444007,,48,2.4565716417631657e-12,9.860862853578252e-14,2.8769979348881166e-12,3.8977960173179666e-11,1.1875581392104909e-11,1.7913337480024438e-10
boost,float64,0.22275,0.2265478252403017,,48,2.1647730328682668e-12,9.730351883938688e-14,3.802663012513918e-12,3.105708973658892e-11,8.771308766114538e-12,1.6892554022263084e-10
boost,float64,0.2475,0.2527479155013215,,48,2.218674329807585e-12,1.0577366889135953e-13,2.6048782701975747e-12,4.6347420619683154e-11,9.659752743066777e-12,1.7003887187172495e-10
boost,float64,0.27225,0.2792923414216047,,48,3.0436173555606094e-12,8.331574490309435e-14,3.047357364905468e-12,7.699716600479718e-11,1.3420698869356004e-11,1.742546107408316e-10
boost,float64,0.29700000000000004,0.3062261462528895,,48,2.6450294979517835e-12,1.6543857651492673e-13,2.9868495531266616e-12,5.7870751844272584e-11,9.864152029914752e-12,1.2311751618199196e-10
boost,float64,0.32175000000000004,0.33359797178825923,,48,2.8070685188351764e-12,1.0583445644418331e-13,3.1780319677312637e-12,7.034425340793698e-11,9.5808414731872e-12,1.5338219583327373e-10
boost,float64,0.34650000000000003,0.3614606895936885,,48,2.5051442831990514e-12,1.924997715622907e-13,6.007453070723161e-12,3.473459531242884e-11,1.197690890330135e-11,1.404316662956262e-10
boost,float64,0.37125,0.3898721450877456,,48,3.0507484083411596e-12,1.5740776822148458e-13,3.2835243484762814e-12,5.5506914310161704e-11,1.5125506316188142e-11,2.833240309030316e-10
boost,float64,0.396,0.4188960426937514,,48,2.9339242713895866e-12,1.8432185699954186e-13,3.085160612090457e-12,5.937791838829658e-11,1.542900558472911e-11,2.2314039505033634e-10
boost,float64,0.42075,0.4486030084323726,,48,2.8748739057787275e-12,1.1373552038625955e-13,4.617151662084445e-12,6.509072634678092e-11,1.2041245875827472e-11,1.5620837956475953e-10
boost,float64,0.4455,0.4790718773329895,,48,2.3823602516102162e-12,1.0295252441867859e-13,3.514802295583107e-12,2.7339835762665696e-11,1.191827235860754e-11,1.233813051726429e-10
boost,float64,0.47025,0.5103912680958285,,48,2.1655484390128848e-12,1.1221905283081177e-13,3.857944556074571e-12,2.477305331429974e-11,1.3140281686826091e-11,2.0685297918987544e-10
boost,float64,0.495,0.5426615282747135,,48,2.1386994784417582e-12,1.2042878537550648e-13,3.718386324047314e-12,2.3083757056825586e-11,1.1283060423472602e-11,1.1202549998756695e-10
boost,float64,0.5197499999999999,0.5759971624900828,,48,2.259692104170253e-12,1.308553570893356e-13,3.034568452494495e-12,3.816375437839552e-11,1.1444088009413914e-11,1.4677992155043285e-10
boost,float64,0.5445,0.6105298978293117,,48,3.383489187177643e-12,1.5744665694137697e-13,5.4499102634678545e-12,3.539537003330253e-11,1.7265252740215436e-11,2.5612978404865316e-10
boost,float64,0.5692499999999999,0.6464126008948009,,48,2.706593332429271e-12,1.1401691205216077e-13,4.151775792226045e-12,3.6786923839981915e-11,1.5626055571010822e-11,3.206286347534615e-10
boost,float64,0.594,0.6838243498742138,,48,4.2430123369405705e-12,1.353831122475086e-13,4.782250506885508e-12,1.2158323479904316e-10,2.094579660179748e-11,3.641145163157944e-10
boost,float64,0.61875,0.7229770987631133,,48,6.9917797693809595e-12,1.0855794860494949e-13,5.844948752405454e-12,2.326236439515511e-10,2.8433387299723705e-11,7.294214121600362e-10
boost,float64,0.6435,0.7641245766249617,,48,7.411216632053184e-12,1.6999444631533447e-13,7.494854417466877e-12,2.2483462231083135e-10,3.865356624187244e-11,7.32795601976477e-10
boost,float64,0.66825,0.8075743892856996,,48,8.876488904844063e-12,1.1734929989202895e-13,6.357017812826531e-12,3.1760621045367757e-10,3.9876248136838655e-11,1.0772525094182583e-09
boost,float64,0.693,0.853704817272969,,48,2.877752894107444e-12,1.6548057410112155e-13,6.297145537448951e-12,3.612865777321676e-11,1.920233069774291e-11,2.0627943797535409e-10
boost,float64,0.71775,0.902988685440707,,48,5.7960102371036026e-12,1.39113247101293e-13,6.463314732559712e-12,1.861899538491074e-10,3.322229065923684e-11,6.950777731162816e-10
boost,float64,0.7424999999999999,0.9560282112654439,,48,6.380813129774741e-12,1.2550891145515637e-13,7.575855907341278e-12,1.8040188831480708e-10,3.370400891248663e-11,7.083533759555394e-10
boost,float64,0.76725,1.0136075144469434,,48,6.660497230698118e-12,1.9635687983307185e-13,1.0227884011207681e-11,1.2181579057131854e-10,4.3267009477524855e-11,4.994697988536245e-10
boost,float64,0.792,1.076774756916779,,48,4.329415494705849e-12,1.2785845701884304e-13,1.0657139575843767e-11,4.940186631502277e-11,3.9185306041633616e-11,4.720900337318312e-10
boost,float64,0.81675,1.146976564364992,,48,5.6217174550705196e-12,2.381772514115822e-13,1.165947699267316e-11,6.395116367327394e-11,4.5321703132326453e-11,5.805464997621357e-10
boost,float64,0.8415,1.2262905712838925,,48,1.604771481370469e-11,2.1212932273823033e-13,1.1090460777807896e-11,5.32055706177304e-10,9.902757751543516e-11,2.7080186981720544e-09
boost,float64,0.86625,1.317856981538642,,48,1.7601021941190232e-11,2.1624739379969803e-13,1.3020004242260846e-11,5.304937406256509e-10,1.3837665966779747e-10,2.9500704101792508e-09
boost,float64,0.891,1.426756593214657,,48,8.227644360223582e-12,2.0739813357555926e-13,1.623003089396808e-11,1.2200711738415292e-10,8.277917601962985e-11,7.486313791105204e-10
boost,float64,0.91575,1.562037950309021,,48,2.520853747902152e-11,2.2030892474688915e-13,1.9597356878128677e-11,7.785518541640272e-10,2.353550965228379e-10,5.511962442028562e-09
boost,float64,0.9405,1.7423623191286886,,48,1.4382005698292425e-11,3.6933394667961004e-13,3.2005025968054484e-11,2.0646831688929482e-10,2.262738532423277e-10,2.742110538633824e-09
boost,float64,0.9652499999999999,2.0175975853315316,,48,3.834391419876381e-11,3.946675048465108e-13,5.912179163337369e-11,8.5259956720371e-10,5.772964359878943e-10,9.505503939521986e-09
boost,float64,0.99,2.6466524123622457,,48,1.3395052126769317e-10,1.5054383390587128e-12,1.9582712149935526e-10,3.206776214363415e-09,4.693156728475742e-09,6.617947434506277e-08
rotation,float64,,,0.0,48,0.0,0.0,0.0,0.0,0.0,0.0
rotation,float64,,,0.15707963267948966,48,1.0938790865186228e-12,5.1645221039222204e-14,2.1620293540403082e-12,1.2271096392910921e-11,5.764233419284596e-12,7.725020623183809e-11
rotation,float64,,,0.3141592653589793,48,1.9478043940936707e-12,8.59494461182648e-14,2.537793291520869e-12,2.7810959405176235e-11,1.1052687700259986e-11,3.0804692130459443e-10
rotation,float64,,,0.47123889803846897,48,1.593464006404233e-12,7.039327246826631e-14,1.4792440741395124e-12,3.3899907156530514e-11,7.699792192727983e-12,1.589359754916586e-10
rotation,float64,,,0.6283185307179586,48,1.3547128033628832e-12,5.486875330884807e-14,1.7921189824178347e-12,2.3201757414700943e-11,7.145210349316737e-12,1.4141932069833274e-10
rotation,float64,,,0.7853981633974483,48,1.1204502739807641e-12,6.165503222884851e-14,1.8036560269707254e-12,1.623997956451e-11,5.004539606797327e-12,5.772538003157024e-11
rotation,float64,,,0.9424777960769379,48,1.1047556864169124e-12,8.444775993509143e-14,1.9851699769942094e-12,1.5721457599584416e-11,4.110968510051549e-12,3.983657848039002e-11
rotation,float64,,,1.0995574287564276,48,1.8174534465528293e-12,8.735676504469725e-14,2.0638912005033106e-12,3.951766490163365e-11,6.8352138185567846e-12,1.3982059954287251e-10
rotation,float64,,,1.2566370614359172,48,1.503089321104346e-12,5.6714557879617546e-14,2.2268229214863755e-12,2.3051148587220762e-11,9.13509545785729e-12,2.609272797826634e-10
rotation,float64,,,1.413716694115407,48,1.5479807523263433e-12,5.506919796642441e-14,2.0919312139729246e-12,1.6617751310276783e-11,8.074150144773048e-12,1.4929923963791225e-10
rotation,float64,,,1.5707963267948966,48,1.1816382550621656e-12,2.1624865998501743e-14,1.1454151883294013e-12,2.6285518085307332e-11,5.473518629080705e-12,1.559943285656118e-10
rotation,float64,,,1.7278759594743862,48,1.1459900119660087e-12,5.036122860274577e-14,2.2209464082508557e-12,1.7866727142198677e-11,5.454460956973624e-12,7.172928917498211e-11
rotation,float64,,,1.8849555921538759,48,1.5633081573205125e-12,6.335123484328092e-14,1.7975482244665953e-12,2.4899492187686645e-11,6.343528711575767e-12,8.697842446281356e-11
rotation,float64,,,2.0420352248333655,48,1.1452039097558467e-12,5.2827546986717937e-14,1.642826148978158e-12,2.750578799687152e-11,3.938900131987093e-12,4.543920795185841e-11
rotation,float64,,,2.199114857512855,48,1.6663031522796273e-12,7.452764816556796e-14,1.6806356220343324e-12,3.29032886525701e-11,8.699242715071165e-12,2.4941826382018917e-10
rotation,float64,,,2.356194490192345,48,1.1204502739807641e-12,6.165503222884851e-14,1.8036560269707254e-12,1.623997956451e-11,5.004539606797327e-12,5.772538003157024e-11
rotation,float64,,,2.5132741228718345,48,8.665698391861534e-13,6.158280160030261e-14,2.7388285373326744e-12,6.5760369098915394e-12,5.3022817618024005e-12,7.343281538396695e-11
rotation,float64,,,2.670353755551324,48,1.2385944339631506e-12,6.546256620475714e-14,2.731002632681795e-12,1.5545087741967695e-11,6.333512418225477e-12,1.3226220119122445e-10
rotation,float64,,,2.827433388230814,48,8.217866052127471e-13,5.666202493793906e-14,2.6314296475608524e-12,6.447867353059904e-12,5.1506784948252005e-12,6.519584871966799e-11
rotation,float64,,,2.9845130209103035,48,1.1496714878204706e-12,7.629562664959425e-14,2.0512657650338465e-12,1.559474520863424e-11,5.273153441676115e-12,1.1867662408349133e-10
rotation,float64,,,3.141592653589793,48,1.2085966191956605e-12,2.5439396377511426e-14,1.3885981651865163e-12,1.9916847735602025e-11,5.9476983523450615e-12,1.5432277677973616e-10
rotation,float64,,,3.2986722862692828,48,1.3338427187769018e-12,6.081049970817173e-14,2.7673219103194104e-12,1.463220791465821e-11,7.496811620562779e-12,1.418918316176132e-10
rotation,float64,,,3.4557519189487724,48,1.2782897274594215e-12,8.465777616923254e-14,2.01530056248849e-12,2.3856571370501974e-11,8.979478618997838e-12,2.7543833880372404e-10
rotation,float64,,,3.612831551628262,48,9.967908578771042e-13,6.974875154980767e-14,1.665359426168176e-12,1.2169732673175188e-11,4.415923645269733e-12,9.949552293164743e-11
rotation,float64,,,3.7699111843077517,48,1.6663031522796273e-12,7.452764816556796e-14,1.6806356220343324e-12,3.29032886525701e-11,8.699242715071165e-12,2.4941826382018917e-10
rotation,float64,,,3.9269908169872414,48,1.5181371883986482e-12,6.914101143209908e-14,1.8753064529127836e-12,2.9059594652635625e-11,4.654827449416625e-12,5.925571144871356e-11
rotation,float64,,,4.084070449666731,48,8.665698391861534e-13,6.158280160030261e-14,2.7388285373326744e-12,6.5760369098915394e-12,5.3022817618024005e-12,7.343281538396695e-11
rotation,float64,,,4.241150082346221,48,9.317561502865265e-13,4.598294134477763e-14,2.107545051085374e-12,9.000592864872883e-12,3.750401609640501e-12,2.9114488597770105e-11
rotation,float64,,,4.39822971502571,48,1.6481352551939294e-12,4.092021470310331e-14,2.309935627373653e-12,2.7884321619567147e-11,9.223154647427142e-12,2.368913953887386e-10
rotation,float64,,,4.5553093477052,48,1.8082820124526025e-12,6.265064012564068e-14,2.5901913033565804e-12,3.783369990920021e-11,8.661821260247393e-12,1.7976553579046595e-10
rotation,float64,,,4.71238898038469,48,1.5728541496994803e-12,3.245599949676251e-14,1.799883259629335e-12,2.7205427122843988e-11,9.744356941713642e-12,3.157492045602339e-10
rotation,float64,,,4.869468613064179,48,1.2623973639943372e-12,4.6991875903873285e-14,1.9034363130672513e-12,2.916909972305422e-11,9.491615248398885e-12,3.363354039720434e-10
rotation,float64,,,5.026548245743669,48,1.219214127852023e-12,8.003586478752064e-14,1.836437963810353e-12,1.539331975639745e-11,7.0914709289956095e-12,1.7834445031894575e-10
rotation,float64,,,5.183627878423159,48,1.6684463125608587e-12,7.600576953976118e-14,2.180708966327158e-12,3.1002565234987857e-11,7.933192586647339e-12,2.1367796421145613e-10
rotation,float64,,,5.340707511102648,48,1.2174619471953214e-12,6.791972954006028e-14,1.701444031657235e-12,1.504568366141057e-11,6.8377560558108286e-12,1.7191226220347744e-10
rotation,float64,,,5.497787143782138,48,2.6371412441844462e-12,5.420493090234772e-14,2.0199751097903785e-12,8.113438279056861e-11,8.516935420810334e-12,1.5209522530312825e-10
rotation,float64,,,5.654866776461628,48,1.5570394664260315e-12,7.034145251892065e-14,1.4987033438314989e-12,2.1758678092423902e-11,8.456195379341613e-12,2.2012613953847904e-10
rotation,float64,,,5.811946409141117,48,9.317561502865265e-13,4.598294134477763e-14,2.107545051085374e-12,9.000592864872883e-12,3.750401609640501e-12,2.9114488597770105e-11
rotation,float64,,,5.969026041820607,48,1.5532846776703917e-12,6.373410018073355e-14,1.973123868398344e-12,2.1173006927419225e-11,8.217510005792406e-12,1.9343104895597207e-10
rotation,float64,,,6.126105674500097,48,1.407565677613255e-12,7.934537243591767e-14,1.9940662077231766e-12,2.864812558300907e-11,6.185267575897768e-12,1.3961276579266269e-10
rotation,float64,,,6.283185307179586,48,1.102798629496993e-12,3.113250901686774e-14,2.419923686946144e-12,1.606465709122191e-11,4.5728056757843305e-12,5.750777631874371e-11
rotation_fixed_axis,float64,,,0.0,48,0.0,0.0,0.0,0.0,0.0,0.0
rotation_fixed_axis,float64,,,0.15707963267948966,48,8.105599218249958,0.6637994196461801,17.221524585937903,81.83271929820036,35.110002487222445,329.87931748223355
rotation_fixed_axis,float64,,,0.3141592653589793,48,18.832132739476013,1.318331552487717,56.46689925396969,114.23570578371576,50.74827010069998,347.17715985447575
rotation_fixed_axis,float64,,,0.47123889803846897,48,29.166632338908396,2.369363989130907,79.54430156118418,425.4489608923319,78.87793791955829,1362.3499024548505
rotation_fixed_axis,float64,,,0.6283185307179586,48,75.87107502038337,2.4670179732252797,106.85078485189861,1046.41850135496,222.01209686096286,2820.6875962872004
rotation_fixed_axis,float64,,,0.7853981633974483,48,107.50622683858073,2.9384549757112706,208.54950363658696,1298.080362611063,337.2718167573427,3561.2088333457723
rotation_fixed_axis,float64,,,0.9424777960769379,48,149.52247866749755,3.2908382314768536,484.8942461580883,1340.6456182881382,478.78896077636955,4719.092849566269
rotation_fixed_axis,float64,,,1.0995574287564276,48,187.18640654516096,5.846247401866912,569.6250362205852,1621.2364260787378,531.4139856127748,5223.080126564916
rotation_fixed_axis,float64,,,1.2566370614359172,48,290.0066454387643,6.500258301590302,731.6521903251798,3062.7906331983495,712.9408390779349,8366.840992060872
rotation_fixed_axis,float64,,,1.413716694115407,48,388.64555090168466,6.890898172774981,930.528006657072,3809.930267074178,938.5161256470459,10871.643462361511
rotation_fixed_axis,float64,,,1.5707963267948966,48,477.689318405412,7.004979108774504,1430.834551501041,3787.165840498342,1035.4408962039051,10122.9380804097
rotation_fixed_axis,float64,,,1.7278759594743862,48,541.0914227314912,10.651897713721059,1598.402621165759,4247.3991555430675,1156.933289649623,11299.62360658734
rotation_fixed_axis,float64,,,1.8849555921538759,48,557.3736232736646,12.743248369142052,1465.4655769393014,4372.725222300375,1206.6798900172685,12062.832819690095
rotation_fixed_axis,float64,,,2.0420352248333655,48,571.3097279815514,19.038941745910794,1424.9725336411213,3712.437577260052,1213.4308142638517,10391.715258860382
rotation_fixed_axis,float64,,,2.199114857512855,48,594.3233452594142,27.10474185236121,1532.2921739392373,3089.748006660607,1324.3563814212678,8896.419608232583
rotation_fixed_axis,float64,,,2.356194490192345,48,567.6553224145407,27.001506154013136,1270.032530599483,2730.2598035352485,1205.2931142321802,7208.6589887376595
rotation_fixed_axis,float64,,,2.5132741228718345,48,551.4393425248119,26.872130139966096,1182.6570440552807,2497.1037762270003,1130.0181262337107,5866.833616438977
rotation_fixed_axis,float64,,,2.670353755551324,48,545.0533238079614,30.56789748214898,1387.2405250059442,2286.2932083009823,1109.783078616413,5849.090538453415
rotation_fixed_axis,float64,,,2.827433388230814,48,538.8306379701463,34.36242248624318,1226.0151496015533,2149.2689806162593,1080.4491152742514,5761.48889444614
rotation_fixed_axis,float64,,,2.9845130209103035,48,539.4763654905472,33.60032122681983,1232.4859427740298,2080.311858956448,1077.8356684423695,5620.550689392852
rotation_fixed_axis,float64,,,3.141592653589793,48,539.9758606434062,32.1261590313109,1232.0965390371982,2059.603680685604,1075.2375321109841,5601.23548563651
rotation_fixed_axis,float64,,,3.2986722862692828,48,539.9077550092034,32.26323572704274,1226.5751421270656,2085.1007804814776,1075.038322468303,5623.686698238292
rotation_fixed_axis,float64,,,3.4557519189487724,48,539.016843794663,33.98266248037224,1211.7118465834003,2160.8610873857656,1072.7060605191937,5708.945959558896
rotation_fixed_axis,float64,,,3.612831551628262,48,545.7705205395158,31.73084331175648,1351.9405484675765,2310.9439153364133,1104.1751634376012,5732.229406438992
rotation_fixed_axis,float64,,,3.7699111843077517,48,554.5784842509455,26.289982709591026,1196.035188401403,2521.7243063340784,1129.3753868727902,5928.097575530176
rotation_fixed_axis,float64,,,3.9269908169872414,48,567.9860715051963,22.720013390933598,1334.5209014364,2753.6727985578327,1187.8913882912846,7114.988982730921
rotation_fixed_axis,float64,,,4.084070449666731,48,590.6601838876628,22.650944223767652,1580.285025103129,2960.6565738827335,1270.4043726641255,8594.095789143114
rotation_fixed_axis,float64,,,4.241150082346221,48,572.0275232561677,16.151102740664072,1505.2019558200652,3421.5682172085617,1202.5733844804374,9751.193587256941
rotation_fixed_axis,float64,,,4.39822971502571,48,574.33710668263,9.95437589334144,1745.1509892384404,4316.920482105912,1214.4019032405877,12014.990631668032
rotation_fixed_axis,float64,,,4.5553093477052,48,560.1993164038678,8.939479416465911,1717.9477322776745,4425.926954955997,1144.896180462001,11800.773211409778
rotation_fixed_axis,float64,,,4.71238898038469,48,496.2866012650995,6.384765336639501,1550.3822909746423,3997.622844190714,1058.57078552241,10699.213330032431
rotation_fixed_axis,float64,,,4.869468613064179,48,397.23716848976073,6.749533682683586,1115.2427515801296,3936.875615694673,953.1041566341856,11092.993576921286
rotation_fixed_axis,float64,,,5.026548245743669,48,302.1491254834753,6.902670255003912,835.4607334530705,3357.250464510636,732.831738132334,9537.775646055394
rotation_fixed_axis,float64,,,5.183627878423159,48,195.63103878577252,6.477940344110074,634.0920361032311,1675.7143422009829,555.9553976315634,5839.031696979998
rotation_fixed_axis,float64,,,5.340707511102648,48,130.56701164499546,4.016801230567062,416.7076389347525,1349.5917746049638,376.66009469553165,3440.828342482261
rotation_fixed_axis,float64,,,5.497787143782138,48,106.94590112280446,3.679733215405278,169.36966656248683,1310.4755005497007,314.35126390226696,3554.406131478555
rotation_fixed_axis,float64,,,5.654866776461628,48,77.56238860308821,3.6283850654458387,107.14076773106356,1018.1882752526404,224.19130032184486,2836.658592613186
rotation_fixed_axis,float64,,,5.811946409141117,48,28.164951321143118,2.665619013690731,63.62287766743486,380.11012368080037,71.71759278029957,1019.3955368586519
rotation_fixed_axis,float64,,,5.969026041820607,48,19.92825390215702,1.187784099593173,49.07248751620613,166.69688434072538,53.805799653257985,575.7771840986909
rotation_fixed_axis,float64,,,6.126105674500097,48,15.877577547357342,0.6804411269352377,19.31966401818843,364.8284168904274,37.90436735277796,316.39902423787595
rotation_fixed_axis,float64,,,6.283185307179586,48,8.197583949248024e-13,2.4852056530792875e-14,1.7198051732008841e-12,1.606465697478422e-11,3.0177764222723744e-12,2.7412738745624665e-11
