176,0.0029996520580351372
177,0.003008269222687039
178,0.002994668433770121
179,0.0029940316868452797
180,0.0030006451727993665
181,0.002999419481425169
182,0.0029981991096899494
183,0.0030088613219528357
184,0.0029968357849611956
185,0.0030065130595725523
186,0.0029964213447805166
187,0.002992470169685015
188,0.0030062890631803074
189,0.0029977237616700156
190,0.003000448908460113
191,0.0029912302432281855
192,0.0029951435326271386
193,0.00299560952116853
194,0.0029944344267971825
195,0.0029990762131204443
196,0.002994605245596492
197,0.002987824635774409
198,0.0029870570489077815
199,0.002984760283230871
200,0.002992542924495704
201,0.002983233040788867
202,0.002991151067840182
203,0.0029915697060961897
204,0.00299181027364261
205,0.0029896329395978573
206,0.002985497665497324
207,0.0029853932775744368
208,0.0029903212351365346
209,0.002992254253294628
210,0.0029894785201223326
211,0.0029912682924569875
212,0.0029867551967081665
213,0.0029928649883089508
214,0.002988057411956428
215,0.0029822107311326977
216,0.0029884081429586776
217,0.002982835028614389
218,0.002982988312370114
219,0.002979726017300873
220,0.0029852568466645175
221,0.0029909685120213126
222,0.002978541586962071
223,0.0029808337986905607
224,0.002997238846965569
225,0.0029854076547985624
226,0.0029828925441854263
227,0.0029842368360855362
228,0.002984583747586299
229,0.002980511779476518
230,0.0029856181113609524
231,0.0029786760788244656
232,0.002977995571874741
233,0.0029785788679287995
234,0.0029765506812373683
235,0.00298592207943593
236,0.0029739659867851886
237,0.0029767610704009356
238,0.0029743756157221426
239,0.002996573605450646
240,0.0029916427060562526
241,0.0029795130893317226
242,0.0029793927836247306
243,0.002976103809441241
244,0.002983919732200669
245,0.0029741874616209703
246,0.0029731626890724524
247,0.002976370811285747
248,0.002990073315977576
249,0.002980355724811558
250,0.002976101325188858
251,0.002983242485106397
252,0.002977132566847977
253,0.002982336437320289
254,0.002970224651921971
255,0.002981299900134363
256,0.0029795427460261367
257,0.0029790112518458933
258,0.0029732266291994974
259,0.002970772352145714
260,0.002968549465731659
261,0.0029722593272518976
262,0.002974972233421517
263,0.0029688756168412423
264,0.002984428411864477
265,0.0029624335920852064
266,0.002969767891929264
267,0.0029750648859484066
268,0.0029731686847718234
269,0.002966191639186703
270,0.002969738638786183
271,0.0029696924643679754
272,0.002968626061758482
273,0.0029706537442770716
274,0.00297282237349303
275,0.0029735777619421563
276,0.0029691690704850716
277,0.002970845810945887
278,0.0029580994417507714
279,0.002976911396776552
280,0.002965479540474361
281,0.0029696144398210075
282,0.0029691301034241494
283,0.002971356286317274
284,0.0029668439471362126
285,0.0029664366766930677
286,0.0029640179990808053
287,0.0029607692826652686
288,0.0029675223343372105
289,0.0029765012985049463
290,0.002966239522065031
291,0.0029669124304730833
292,0.0029708726252326238
293,0.0029733301620435636
294,0.0029637601949753915
295,0.0029686376427774668
296,0.0029775435484177396
297,0.0029648629417828995
298,0.0029677617133720842
299,0.002965595808401613
300,0.002957126802643104
301,0.0029649147381480287
302,0.0029665898137722062
303,0.0029672404989423222
304,0.002953793000115143
305,0.002959216017373219
306,0.0029695154821072034
307,0.002959841855930444
308,0.0029611646962697737
309,0.0029642827233780592
310,0.0029608019594300223
311,0.002962266748066782
312,0.00295922732463789
313,0.002953433358311766
314,0.0029634190139844344
315,0.0029673806017090658
316,0.002971274112305551
317,0.002957105958449031
318,0.002969277343737193
319,0.0029487222751823777
320,0.002961359702747592
321,0.002964351534061892
322,0.0029500806939286224
323,0.0029633012826286824
324,0.0029560371971204323
325,0.0029583780912485597
326,0.002946701379181634
327,0.0029642295456235005
328,0.0029574461613695218
329,0.0029658105695894066
330,0.0029611228182636683
331,0.002968553754954922
332,0.0029629917256745963
333,0.0029577116784326707
334,0.0029572361835777266
335,0.0029556554690848657
336,0.0029461262217456404
337,0.0029560783331672035
338,0.002953933220379959
339,0.0029533809087901714
340,0.0029501146349139697
341,0.0029473897250441453
342,0.002958094459993542
343,0.0029517221097079063
344,0.00296102416416745
345,0.0029662158854059767
346,0.0029601195786728603
347,0.0029709875645228486
348,0.002952459891977015
349,0.0029514308371899434
350,0.0029589577979272134
351,0.0029492248065904132
352,0.0029447409697509804
353,0.002952794447498622
354,0.002958899396344216
355,0.0029619892583730018
356,0.0029461061107694123
357,0.0029571826489287073
358,0.0029521481768206245
359,0.002947819343655994
360,0.0029492531534499834
361,0.002949628124241425
362,0.0029616527175631425
363,0.0029669969879312515
364,0.002958309271198443
365,0.0029490510453786902
366,0.0029528375739839036
367,0.0029611925922042952
368,0.0029526160893829025
369,0.0029561399485928115
370,0.0029519707511049265
371,0.002956098422515217
372,0.0029367132393033654
373,0.0029610494649118953
374,0.002951596654937559
375,0.002954724523994799
376,0.0029506730024686095
377,0.0029564658417024717
378,0.00294723182053968
379,0.002954238572657926
380,0.0029448893359641562
381,0.0029475039088304967
382,0.0029558755777264246
383,0.002947731317949582
384,0.0029523477966551196
385,0.0029473551030919825
386,0.0029508757494449323
387,0.002951669609093908
388,0.002970740110402684
389,0.002965584299682626
390,0.0029581045678981907
391,0.002956870053979546
392,0.0029459982268315414
393,0.003022863269795492
394,0.0029885005503639045
395,0.0029504512805800815
396,0.0029588445898049323
397,0.002952293893389543
398,0.002949956616896733
399,0.0029922415161217314
400,0.002959845137711987
401,0.0029531568595201505
402,0.002952055570606177
403,0.002953118399414891
404,0.0029551205094466996
405,0.002955552056062348
406,0.002955201380068183
407,0.002941074096139252
408,0.0029605985361640247
409,0.002950933590256396
410,0.0029486689621242746
411,0.002951305081077049
412,0.002952075433114467
413,0.002948168167539324
414,0.002949821969523711
415,0.002952187929591934
416,0.002952305089290175
417,0.0029457916885012336
418,0.0029448160940902727
419,0.002944871866514778
420,0.0029501998994775906
421,0.0029413702692248174
422,0.002952171983001471
423,0.002953247173079401
424,0.002939952166183934
425,0.002956545088120216
426,0.0029463942202493064
427,0.002948552303696051
428,0.0029384922628215866
429,0.0029460308819830488
430,0.0029504980120811713
431,0.002943744065484412
432,0.0029386906438553483
433,0.002939385482841204
434,0.002943918399636699
435,0.0029436666503161986
436,0.002935475766886776
437,0.002947543934801427
438,0.0029440593627985635
439,0.002944667371120637
440,0.0029437599908362223
441,0.0029501276406545696
442,0.0029487195264693107
443,0.002947182706436549
444,0.0029446566419023515
445,0.0029469032207516087
446,0.0029488456020659694
447,0.0029406094018228483
448,0.002941108748334569
449,0.0029413513506398306
450,0.0029353668342923644
451,0.00294625918379269
452,0.0029377355960874445
453,0.00293891166979253
454,0.00294391219287259
455,0.0029409854723247563
456,0.002938612680578071
457,0.002935376310440168
458,0.00295505976722987
459,0.002944970913471331
460,0.0029418788176788684
461,0.0029421984310965097
462,0.0029442135759167893
463,0.002942472736448027
464,0.002939289719198011
465,0.0029323744942874835
466,0.002945368247933128
467,0.002943127754061357
468,0.002934068355379044
469,0.002943208722967406
470,0.002945557129150914
471,0.0029369797609575944
472,0.002945508010287762
473,0.0029323127377575246
474,0.0029406612268395027
475,0.00293452363473393
476,0.00293520164130624
477,0.0029400844491692625
478,0.002939280486090897
479,0.0029421613252400276
480,0.002937299329164295
481,0.0029401543532548463
482,0.0029393050549948773
483,0.002957443208203498
484,0.002951392065766099
485,0.0029388126494269452
486,0.002941092947284859
487,0.002936244122110698
488,0.002936479172184119
489,0.002940218382611357
490,0.002940261662963621
491,0.0029328860544834113
492,0.0029452491592613546
493,0.0029364019465875062
494,0.0029455343030208446
495,0.002941421162484625
496,0.00293284724124629
497,0.002930910430702873
498,0.0029390258004621025
499,0.002942857417210778
500,0.0029446315365541263
501,0.0029445048854115762
502,0.0029366172662349073
503,0.002936883228304325
504,0.0029336871209303173
505,0.0029410425672720722
506,0.0029286764046299817
507,0.002936861812663704
508,0.002941989170752762
509,0.002942407243255615
510,0.002935679039208649
511,0.0029424850303463005
512,0.0029406448791518863
513,0.0029347930372557586
514,0.00294002208968127
515,0.0029345086504713705
516,0.002935100671623774
517,0.0029318222169830983
518,0.002934034854699573
519,0.0029397889003515624
520,0.0029361072345626352
521,0.0029339226327002206
522,0.0029335427844239394
523,0.0029318974393785697
524,0.0029307368493290426
525,0.0029387625101571667
526,0.0029381838963205204
527,0.002925847455113649
528,0.0029377453154924215
529,0.0029344787879013613
530,0.0029323296680895594
531,0.0029240503833122835
532,0.002928288777602936
533,0.0029389207146244033
534,0.0029298959486258077
535,0.0029303272949071034
536,0.002933342656272886
537,0.00292883881344021
538,0.0029257888208423077
539,0.00292481705538831
540,0.0029282470137677835
541,0.0029393095996462066
542,0.0029277676667356085
543,0.0029286252767493554
544,0.0029251467486997315
545,0.0029307731468934304
546,0.0029311501923079343
547,0.0029286502741182204
548,0.0029321048519009977
549,0.002930889354202921
550,0.0029365281596162186
551,0.0029254024256304355
552,0.002926403040619446
553,0.0029248550666974424
554,0.0029385274040387597
555,0.002945526356592194
556,0.002934740714986884
557,0.0029302249550868017
558,0.00292446692535995
559,0.002926703169525616
560,0.002931027889909574
561,0.0029302343083963205
562,0.00293106502255498
563,0.002930666447585507
564,0.002934026713063347
565,0.002934046165737309
566,0.0029310544948209544
567,0.0029338199795925068
568,0.0029427609575294264
569,0.002930298296751316
570,0.002933581397285184
571,0.0029249282096657364
572,0.002955080207508719
573,0.00293478842910378
574,0.0029335517198755606
575,0.002936767089201809
576,0.002929423287379406
577,0.002934405862613027
578,0.0029343961993861033
579,0.0029302882688115213
580,0.002929646289367987
581,0.0029282967337337248
582,0.0029292681832675765
583,0.0029296835402832714
584,0.0029329945289520956
585,0.002936683280071217
586,0.0029372163963923784
587,0.002925872462062993
588,0.0029247776567073074
589,0.00293402857570416
590,0.00292686997687865
591,0.00292623671456298
592,0.002925070356112772
593,0.0029378448049551783
594,0.002924047340304935
595,0.002929302011547167
596,0.0029411616560076916
597,0.0029315626696029364
598,0.002921674812809881
599,0.002929856081037132
600,0.0029260307693187567
601,0.0029295547522059377
602,0.0029212391714613095
603,0.002930847464160959
604,0.002927568676787619
605,0.0029270170438104753
606,0.0029322830884731263
607,0.0029215880265248883
608,0.0029277440276739854
609,0.0029243506601726275
610,0.0029407844475191724
611,0.002931827051488198
612,0.002923289176031539
613,0.0029343412223505503
614,0.002924387719272803
615,0.002915586340511268
616,0.0029271777190316138
617,0.0029157644528958705
618,0.0029276672675661686
619,0.0029290169171039475
620,0.002919594081478422
621,0.0029184119496300817
622,0.0029238595061127147
623,0.0029181121845798953
624,0.0029204435200417627
625,0.00292071863941207
626,0.002918656805834199
627,0.0029319628318479458
628,0.002927121277489705
629,0.00291651477966161
630,0.0029188481273759994
631,0.0029191778555326723
632,0.002915732347433003
633,0.0029266141548567174
634,0.002922493023862959
635,0.0029279037502739505
636,0.002923683356169798
637,0.0029177564165576274
638,0.0029237683849137825
639,0.0029293189364871367
640,0.0029223012263497245
641,0.002921583841102045
642,0.002920942260924366
643,0.0029245813409550393
644,0.0029208953489568653
645,0.0029263669385586684
646,0.0029187503383953507
647,0.0029337594158202075
648,0.0029281866841990175
649,0.002924315501930495
650,0.002924628440301039
651,0.002920103450134688
652,0.0029224399347741133
653,0.0029194209655221777
654,0.0029245619368262125
655,0.0029246238992491906
656,0.002917418080882435
657,0.0029275135733495008
658,0.0029178346378995654
659,0.002919923633371825
660,0.00292683578804117
661,0.0029220388784659216
662,0.002914299541816007
663,0.0029125862701977518
664,0.0029246239515974878
665,0.0029216445246106975
666,0.0029250481087043124
667,0.0029176287957007837
668,0.002931848798636089
669,0.002918863019652348
670,0.0029305565884221235
671,0.0029267243092567763
672,0.002929768726428021
673,0.002919062576600568
674,0.002919196884079548
675,0.002918388767065282
676,0.0029172261070429164
677,0.002916581842322994
678,0.0029142488578273408
679,0.0029269324872313383
680,0.0029249104408521384
681,0.0029176370879133284
682,0.0029199136250317023
683,0.0029178529108952337
684,0.0029211211428096582
685,0.0029222800647383087
686,0.0029229889401269386
687,0.002916030766153028
688,0.002912568506182529
689,0.0029181619981503365
690,0.002918940477845719
691,0.0029200698392540256
692,0.0029182158445204575
693,0.002917526050971703
694,0.0029145248168092044
695,0.002915600149228154
696,0.002915157200080134
697,0.002920984065068447
698,0.0029162793254788205
699,0.002919722497410216
700,0.0029242246117438444
701,0.0029148987714092433
702,0.0029150039265281548
703,0.0029146217893628677
704,0.0029209500606773645
705,0.002909281473769152
706,0.0029074836624227484
707,0.00290600843418012
708,0.002923374639981544
709,0.0029067648516140957
710,0.002916785586668608
711,0.002920847034572446
712,0.0029217251425417397
713,0.002915395011054364
714,0.0029243048731619737
715,0.002920897265784696
716,0.0029097845541138927
717,0.0029151408957206215
718,0.002916900877138479
719,0.002916270904791475
720,0.0029172056793686034
721,0.002927584389163482
722,0.0029255708454216395
723,0.0029221924039724945
724,0.0029216253449735195
725,0.0029294501908585075
726,0.002919952888472168
727,0.002923027832496225
728,0.0029171201836955493
729,0.002922458282716654
730,0.0029236765626810667
731,0.002919816366025446
732,0.0029110287520750138
733,0.0029110468691940167
734,0.0029115988605847493
735,0.002922962314796383
736,0.002921156605325297
737,0.002912706320454226
738,0.002919778695561516
739,0.002914929570880779
740,0.0029127364518378466
741,0.0029145932834909486
742,0.002913428768610702
743,0.0029177607604599486
744,0.0029146944124262084
745,0.002913097672341664
746,0.002914946615105392
747,0.0029131511900193077
748,0.0029177404935698454
749,0.002913347843281009
750,0.002899213455708813
751,0.0029044550258376703
752,0.002926836789379478
753,0.0029100682888637693
754,0.0029236945156524657
755,0.002914360273819203
756,0.0029206625009327073
757,0.0029186712260711838
758,0.002914469119685935
759,0.002919380008271159
760,0.00291958136070361
761,0.0029171111675914763
762,0.0029140186885806157
763,0.002916603945521573
764,0.002918770237133731
765,0.002910312466734235
766,0.0029052783337122708
767,0.002912813371825915
768,0.0029083120617283895
769,0.00292140560484915
770,0.0029120719100547542
771,0.002915323700885131
772,0.002906245508460525
773,0.0029097115898404128
774,0.002910308477486733
775,0.0029108258336817713
776,0.002907073915922319
777,0.002914446287691584
778,0.002911817466149718
779,0.002904759298134604
780,0.0029106152622337947
781,0.0029221100813124692
782,0.0029148197062195623
783,0.0029114179635208286
784,0.0029062342378622565
785,0.0029086054860852045
786,0.002913513010002122
787,0.0029054463464248184
788,0.0029037517892068925
789,0.0029093939408897608
790,0.0029139528473912145
791,0.002913917586976695
792,0.0029086225814073615
793,0.002919149414680554
794,0.0029161454914119725
795,0.0029102444548837363
796,0.0029087635453392802
797,0.0029048824746040047
798,0.002904118821512369
799,0.0029086195536104672
800,0.0029085639025609672
801,0.00291989008267484
802,0.002909887094828158
803,0.002908404223434955
804,0.0029118518342625068
805,0.0029031306236662136
806,0.002906495512027821
807,0.002907756353381253
808,0.002912538069793242
809,0.0029067548128938175
810,0.002914075223739366
811,0.002908063551621468
812,0.0029089873799329237
813,0.0029142008887576534
814,0.0029135363789692934
815,0.0029139196105175767
816,0.0029129284372128197
817,0.0029057424873378795
818,0.0029163146191733074
819,0.0029114709915058737
820,0.0029132357784487726
821,0.0029230527386171004
822,0.0029137983496715578
823,0.0029062783901515564
824,0.0029071214016365473
825,0.0029111500397279934
826,0.002906516780170989
827,0.00290452989014115
828,0.002903569544500982
829,0.0029055688426684544
830,0.0028993837071759677
831,0.002909128130661612
832,0.002906118819513873
833,0.002910580264791115
834,0.002908692567619222
835,0.0029019892007977914
836,0.002905796478082705
837,0.0029103234583798153
838,0.0029039694681478184
839,0.0029046129792871826
840,0.0029107363354616477
841,0.002911756401248552
842,0.0029030310748942457
843,0.002909113589073099
844,0.0029051957996812303
845,0.0029112200381796786
846,0.002910071864300511
847,0.0029170671326284215
848,0.0029089489823048245
849,0.0029142455174882955
850,0.0029177384528100586
851,0.0029085472856773932
852,0.002899144867804966
853,0.002906092105533348
854,0.002899563355042639
855,0.002900329409947247
856,0.0029030471565241783
857,0.002909479868557163
858,0.002903203387266375
859,0.0029060319451449774
860,0.0029101933842234583
861,0.0029043606755181487
862,0.0029041691256776617
863,0.0029043578132604397
864,0.00290849783273007
865,0.0029019659967769048
866,0.002898451358145109
867,0.0028989475678690086
868,0.0029048526155369065
869,0.0029057576393519526
870,0.0029087474793304817
871,0.0029004217885652867
872,0.002910604034848496
873,0.002907483513725526
874,0.0029054153963296307
875,0.0029102373750714175
876,0.0028952975424332587
877,0.002911649323172867
878,0.002907526124378326
879,0.002907258850977804
880,0.0028978661094287515
881,0.0029039130169750756
882,0.0029119801807625666
883,0.0029044722556313767
884,0.002908412100615915
885,0.002901089494070535
886,0.0029413333941171555
887,0.0029008880043917564
888,0.0028997609792637343
889,0.002904728776559606
890,0.002896474502777358
891,0.002897786928446888
892,0.002900975541647835
893,0.002905371199794471
894,0.0028964875524234313
895,0.0029012151331767344
896,0.002910091786973829
897,0.0029022626760889444
898,0.0029077572642472994
899,0.0029065928151332005
900,0.0029077334825235003
901,0.00290815316537449
902,0.0029043168649355304
903,0.0028989309372021124
904,0.002907301338210906
905,0.0029040691677324824
906,0.002896581036741726
907,0.0029009526599290624
908,0.0029114014997222016
909,0.002901802192761669
910,0.002898020421018173
911,0.002903609910874464
912,0.0029020481988613115
913,0.0029010196186409266
914,0.002892870941508916
915,0.002899159380938562
916,0.0029077525368680773
917,0.002914713669556436
918,0.0028968129561727173
919,0.002903358892747106
920,0.0028953498647326078
921,0.0028986163759148476
922,0.0028967787329021357
923,0.002912317488621585
924,0.0028982441330282346
925,0.0028920494793421236
926,0.00289488759416921
927,0.002896167724038671
928,0.002902664347872407
929,0.0029021345832076426
930,0.002902221220616608
931,0.0028998927586924316
932,0.002898406884305159
933,0.0029073318171801347
934,0.002905335921277257
935,0.0029005229619133302
936,0.0029023888913359136
937,0.002904357138551993
938,0.0028952331068129696
939,0.002899503766854039
940,0.0029005645883442683
941,0.002904173909141242
942,0.0029066418109640136
943,0.002905059626968006
944,0.002904095272467514
945,0.0028971730203037295
946,0.002906375937907262
947,0.002899836496330427
948,0.0029001370517600343
949,0.0032581762824099815
950,0.0030600104264157254
951,0.0029570212731873553
952,0.002940538995622175
953,0.002920376535770211
954,0.0028993410769220986
955,0.0029082395469171517
956,0.0028989293042140877
957,0.002895294585544993
958,0.0028928469637422454
959,0.0028929237501688436
960,0.002899396355046027
961,0.0028916814173199556
962,0.002902846923230969
963,0.0028883103873003574
964,0.0029005683134980605
965,0.00290098535020125
966,0.0029109883569618973
967,0.0028980923364794724
968,0.002902420176951249
969,0.002901776268468664
970,0.002895250915118906
971,0.002895809842654373
972,0.00290763345441494
973,0.0028929128771129457
974,0.0029064111699758565
975,0.0029033233091238664
976,0.002906522936455141
977,0.002901370075671066
978,0.002898067602454957
979,0.0028963263711619157
980,0.0028963840225338646
981,0.00290304849032705
982,0.0029042113660210918
983,0.0028969390262027265
984,0.0028997815971449526
985,0.0029027028072908484
986,0.0028997754877829063
987,0.0028943898657574274
988,0.0029029497492839445
989,0.0028958471035858083
990,0.0028995743672077857
991,0.002898955317719241
992,0.002895833990528147
993,0.0028899178409215304
994,0.002894869673210304
995,0.002900324514754601
996,0.0028927335100386873
997,0.0028964135927102477
998,0.0028930022403668995
999,0.002905903529625605
1000,0.002908079833701121
1001,0.002895640968696792
1002,0.0028967759491657498
1003,0.0028993158068752896
1004,0.0028934804454095213
1005,0.002904550786736426
1006,0.0028966244168215785
1007,0.0029033541124441047
1008,0.0029002255375321006
1009,0.0029000002703484197
1010,0.0028978594331358085
1011,0.0029031197518640207
1012,0.002894416133935754
1013,0.0028871027168191326
1014,0.0028896547381943747
1015,0.0028943929999031503
1016,0.00290214605735993
1017,0.0029016680281667927
1018,0.0028943843184988764
1019,0.0028844794697371126
1020,0.0028926400723377015
1021,0.0028909789870510618
1022,0.0028949333762922176
1023,0.0028911417557430374
1024,0.0028880968916308323
1025,0.0028930608619195577
1026,0.0028997716882921583
1027,0.0028918361310570537
1028,0.0028896195435140722
1029,0.002891314317515197
1030,0.002893850077660888
1031,0.002890418875904855
1032,0.0028878826775726087
1033,0.002896552078308627
1034,0.002896139384735853
1035,0.0028905236678249506
1036,0.0028946644713117127
1037,0.002894366826762834
1038,0.0028936836432576995
1039,0.0028972326660215326
1040,0.002886867665947928
1041,0.0028936039767227307
1042,0.0028961323810664592
1043,0.0028974410650769848
1044,0.0028880138124994983
1045,0.0028989778509215963
1046,0.002891490190875208
1047,0.0028926507252576557
1048,0.002895862439145173
1049,0.0028810973594257426
1050,0.002900042493665377
1051,0.002888708380419116
1052,0.002890316228328161
1053,0.0028885265202464407
1054,0.0028977756681834465
1055,0.0028878746548616965
1056,0.0028948877632501632
1057,0.0028900618554475485
1058,0.0028922209025686128
1059,0.002897645253273481
1060,0.0028862329502079937
1061,0.002891551149685699
1062,0.0029014412168719616
1063,0.0028900282285680605
1064,0.002899594526728101
1065,0.0028986187370531867
1066,0.0028916107052472818
1067,0.0028904407589097516
1068,0.0028934144430461245
1069,0.002890395080911573
1070,0.0028973596929035093
1071,0.0028863620942882894
1072,0.0028881147949683795
1073,0.0028979020557548182
1074,0.002887005886309764
1075,0.002889221589006086
1076,0.0028936259288140395
1077,0.0028890314476596054
1078,0.0028984944676735134
1079,0.002887589129394116
1080,0.0028863995067915657
1081,0.002889290862160956
1082,0.0028897435735120726
1083,0.002884187155111684
1084,0.002887020091134141
1085,0.002888527857975861
1086,0.002893473413244896
1087,0.002891322416987961
1088,0.002893196083311472
1089,0.002885519337295067
1090,0.002883533121234585
1091,0.002899304661748546
1092,0.0028919750937877985
1093,0.0028863947036575455
1094,0.0028906698777502785
1095,0.0028901854906004283
1096,0.002891954559364495
1097,0.0028861131483457125
1098,0.002888154532717143
1099,0.002887350988284063
1100,0.002891245491698431
1101,0.0028829956433499074
1102,0.0028894777146680904
1103,0.0028980783806540162
1104,0.00289393300869654
1105,0.0028921532098929127
1106,0.002883628031691649
1107,0.0028881519638537458
1108,0.0028891583390298044
1109,0.0028868975124770797
1110,0.002890303159186862
1111,0.0028906451334547063
1112,0.0028955893425056944
1113,0.002879603055373161
1114,0.0028891739150452836
1115,0.0028912723586261226
1116,0.0028934903078920026
1117,0.00289454249674531
1118,0.0028937409716714795
1119,0.002894487907469287
1120,0.0028879422626668758
1121,0.0028936388852797775
1122,0.002881722534998518
1123,0.0028924710358877136
1124,0.002880449539333521
1125,0.002891983743004916
1126,0.0028842581156072163
1127,0.0028858044614758953
1128,0.0028891343552279744
1129,0.0029152966564628038
1130,0.0028809019331629128
1131,0.0028886108400736042
1132,0.0028836946495463707
1133,0.002888387005388068
1134,0.0028905699762233794
1135,0.0028933989427839934
1136,0.0028997091182797422
1137,0.00288452217443884
1138,0.0028893257324387354
1139,0.0028890154923657944
1140,0.0028852990600810504
1141,0.002887142558602726
1142,0.002885081321100703
1143,0.0028806990198832066
1144,0.002886094740225821
1145,0.0028891635443065384
1146,0.0028936692991815846
1147,0.0028995275973469877
1148,0.00288845670582756
1149,0.0028857018587193166
1150,0.002888545157853163
1151,0.002882766754632643
1152,0.0028845014457878214
1153,0.0028870018450080255
1154,0.0028847753945184292
1155,0.002890305104040966
1156,0.0028890390204001516
1157,0.002885334265762636
1158,0.002892988447916517
1159,0.00288753407821894
1160,0.0028895137706509994
1161,0.0028897655918117505
1162,0.002895437357776599
1163,0.002883341876174596
1164,0.0028870273882493215
1165,0.0028867318799364835
1166,0.002889187571475879
1167,0.0028989132058570163
1168,0.002878761065571084
1169,0.0028803007952905657
1170,0.0028839196420557913
1171,0.0028813624132696283
1172,0.002881139485763491
1173,0.00288107616003452
1174,0.0028862245020777745
1175,0.0028765240205406743
1176,0.0028799910812773717
1177,0.002883692868953763
1178,0.0028826448306855856
1179,0.002884817906632795
1180,0.002882236496915125
1181,0.0028893496597433227
1182,0.002883690158821283
1183,0.0028790831407306075
1184,0.0028869530787783483
1185,0.002881639939289084
1186,0.0028771758201833505
1187,0.002888691487552611
1188,0.0028851111861942476
1189,0.002876536668305629
1190,0.0028837969364086617
1191,0.0028858327138851355
1192,0.0028796945129519174
1193,0.002879690122832391
1194,0.002875391256535485
1195,0.0028813587607992817
1196,0.0028842956610149037
1197,0.0028846580615475956
1198,0.0028832066361198123
1199,0.0028841396908889446
1200,0.002882109759279846
1201,0.0028863135096322606
1202,0.0028884772945990457
1203,0.002879757452111817
1204,0.0028839191401022523
1205,0.0028862719365918533
1206,0.0028849030347998144
1207,0.002878419963757847
1208,0.002887864920515925
1209,0.002881720557511867
1210,0.002873606338306075
1211,0.002883218249798178
1212,0.00288833099442375
1213,0.0028869923065621386
1214,0.0028867105595621737
1215,0.0028901198549002327
1216,0.0028829000826580266
1217,0.0028903325660758388
1218,0.0028852116205425157
1219,0.0028926278082599998
1220,0.002876728206224143
1221,0.0028808651122363524
1222,0.002885387697235646
1223,0.0028811250113763482
1224,0.002874816439448209
1225,0.0028866599633408626
1226,0.0028813471010418826
1227,0.002889923395733543
1228,0.0028853202678926606
1229,0.002882772624897577
1230,0.0028794039974058537
1231,0.0028804282252266993
1232,0.0028882016830100964
1233,0.0028830091755360516
1234,0.002889529241867916
1235,0.002873839973910606
1236,0.002879875230633361
1237,0.002884530653212067
1238,0.0028768641580877987
1239,0.0028774992214464536
1240,0.002884711926343869
1241,0.002881638897246152
1242,0.0028829153925501064
1243,0.002884875681334602
1244,0.002876820949250408
1245,0.002894389501398737
1246,0.0028766052395191484
1247,0.002880158945804336
1248,0.00288149295501192
1249,0.0028784202161404406
1250,0.0028787051931180112
1251,0.0028826534433386416
1252,0.0028813814736911975
1253,0.002879740501090871
1254,0.002877785678012273
1255,0.0028834297209994796
1256,0.0028843092673196727
1257,0.0028750742879822505
1258,0.002881091831802725
1259,0.002882082099014594
1260,0.0028796816943262634
1261,0.0028923188150227325
1262,0.002876166729276502
1263,0.00288467904667284
1264,0.002878834848251547
1265,0.0028810766862827197
1266,0.0028910714999552368
1267,0.0028792839920877868
1268,0.0028768550816090804
1269,0.00288445726599758
1270,0.002874172902892372
1271,0.0028734644318712697
1272,0.002874426657656422
1273,0.0028781797083394277
1274,0.00287963584272825
1275,0.0028718951972215344
1276,0.0028845608585660056
1277,0.002881219502763395
1278,0.0028759809064311643
1279,0.002884749735765192
1280,0.002874541160389975
1281,0.00288486721365602
1282,0.0028783191774258824
1283,0.0028831103582054526
1284,0.002877330156533644
1285,0.0028772008699755026
1286,0.0028820563459257737
1287,0.0028770977452033815
1288,0.002880990606157575
1289,0.0028759338144108792
1290,0.0028856560304497247
1291,0.0028706919620039234
1292,0.002878157973801685
1293,0.002875444197114425
1294,0.0028879787215102676
1295,0.0028852178682908856
1296,0.002879389970944364
1297,0.0028739100838244647
1298,0.0028800484481503233
1299,0.002882986922520824
1300,0.002877772577779404
1301,0.002875875474322325
1302,0.0028729384877401974
1303,0.0028758977882218715
1304,0.002872707829191484
1305,0.002875874212933305
1306,0.0028750660856511935
1307,0.002874054806121521
1308,0.002883974334599804
1309,0.0028805727201309116
1310,0.0028774346353613706
1311,0.00287648948287183
1312,0.0028742663283274406
1313,0.0028754052295095396
1314,0.0028824241039951907
1315,0.002878406510487209
1316,0.0028787743196205017
1317,0.002880495131147426
1318,0.002878385380287095
1319,0.002876344605934834
1320,0.002876198249957034
1321,0.0028806628584115072
1322,0.0028805419522031288
1323,0.002879923201815093
1324,0.002866114520479417
1325,0.0028809295347918358
1326,0.0028841133413099237
1327,0.0028766378290744398
1328,0.0028814724266649576
1329,0.002882416162349157
1330,0.0028736947880575138
1331,0.00287687774582687
1332,0.0028757281051105628
1333,0.002871375918909028
1334,0.0028821773121025986
1335,0.002884138524948013
1336,0.0028777058910335602
1337,0.0028725912601287778
1338,0.0028824055619289437
1339,0.002878231563838325
1340,0.0028797778747485774
1341,0.002867816990929999
1342,0.0028768495002526786
1343,0.002877831462961862
1344,0.002873381543889673
1345,0.0028818146417862464
1346,0.0028722464396631316
1347,0.00287968539063111
1348,0.0028722069828662424
1349,0.0028765508674525125
1350,0.002878838547776644
1351,0.0028735316110923494
1352,0.002872414107287581
1353,0.002876434817375603
1354,0.00287644537643699
1355,0.0028796090531932692
1356,0.002874044463251497
1357,0.0028680932951458088
1358,0.0028794862274268487
1359,0.0028745655589348575
1360,0.0028779114549342313
1361,0.0028795643372046516
1362,0.0028719900181190874
1363,0.0028657555618786545
1364,0.0028683293512894448
1365,0.0028729367106508363
1366,0.0028746331948462547
1367,0.0028840972992223287
1368,0.0028760794276407402
1369,0.0028729347980997475
1370,0.0028765940091185303
1371,0.0028742217611612496
1372,0.002874137528069513
1373,0.0028716246497663546
1374,0.0028702343937030595
1375,0.002875047806465295
1376,0.002871943636449742
1377,0.002863592971268623
1378,0.002873444864865336
1379,0.0028715112478382237
1380,0.002863930024779134
1381,0.002870552436824603
1382,0.0028820839697873387
1383,0.0028769032367179474
1384,0.0028763683390836095
1385,0.0028818857881325126
1386,0.002874114386210916
1387,0.002877326340584795
1388,0.002875194877539802
1389,0.0028701156856210984
1390,0.0028747328837231455
1391,0.002879206854409086
1392,0.0028680985794039392
1393,0.002871767301267274
1394,0.0028847484804063734
1395,0.0028673160482974355
1396,0.002868191118659243
1397,0.0028687097073717494
1398,0.002872817052553527
1399,0.0028783192062046318
1400,0.0028677121637300964
1401,0.0028766149132491534
1402,0.002878173382286673
1403,0.0028702053641201193
1404,0.0028761682807901374
1405,0.002867700277041958
1406,0.002862012947871601
1407,0.0028776047052930524
1408,0.002882001397617635
1409,0.002870673959453423
1410,0.002874559427826529
1411,0.0028766923877000584
1412,0.002865520562912874
1413,0.002867010944064669
1414,0.00287901757645074
1415,0.002877460646234642
1416,0.002874077778371369
1417,0.0028722205582353416
1418,0.0028644731798019136
1419,0.0028719549363028967
1420,0.002866923947926919
1421,0.0028641193117128474
1422,0.002870806021751159
1423,0.002878289269547858
1424,0.002865114124812733
1425,0.0028739350119490396
1426,0.0028741798378222397
1427,0.0028643962761277703
1428,0.0028691389304227218
1429,0.002862809782968433
1430,0.0028686963561166305
1431,0.002861480380144864
1432,0.0028700122005668573
1433,0.002871454142320397
1434,0.0028680704815940814
1435,0.0028705296421953166
1436,0.002871656838454316
1437,0.002870702072180519
1438,0.0028697035948556967
1439,0.0028681167226283777
1440,0.0028696181413175913
1441,0.0028704566392157883
1442,0.002868825573625752
1443,0.0028742952458203847
1444,0.0028756257739710077
1445,0.0028683501869439603
1446,0.0028654461071862558
1447,0.0028674448341174676
1448,0.0028658317023420765
1449,0.002861475947809376
1450,0.0028702082492782144
1451,0.002866950475927759
1452,0.002878024951169784
1453,0.0028638744361594672
1454,0.002863139245204974
1455,0.0028659604426527333
1456,0.002874304568482724
1457,0.00286974792959985
1458,0.0028741974002313856
1459,0.0028690257984687975
1460,0.0028715693044601945
1461,0.0028709666636866143
1462,0.002873143818589703
1463,0.002864135813486543
1464,0.002870173454153076
1465,0.002869975988557572
1466,0.0028553084689472165
1467,0.002873181717511514
1468,0.002863755985218884
1469,0.002873735938706666
1470,0.0028697258094309125
1471,0.0028734873353715154
1472,0.0028664572128323214
1473,0.002874154087614715
1474,0.0028649331350608233
1475,0.002867789563665747
1476,0.002865119967233896
1477,0.002869033877820642
1478,0.0028647658988009473
1479,0.0028637841878908997
1480,0.0028745406623023246
1481,0.002865236505259634
1482,0.0028716274112121063
1483,0.0028663262745753076
1484,0.0028704390875147106
1485,0.002868223634970339
1486,0.002866340314168138
1487,0.0028687866183826757
1488,0.002867358803163071
1489,0.0028685697166540417
1490,0.0028670369394455733
1491,0.0028702003612470274
1492,0.0028746704207652956
1493,0.0028654885686857077
1494,0.0028675679974386062
1495,0.002865466425561646
1496,0.002866873516619503
1497,0.002875380347733115
1498,0.0028693201495978127
1499,0.002861532625386723
1500,0.0028689902749521475
1501,0.0028762713059749634
1502,0.0028622874191604683
1503,0.0028660651333387685
1504,0.00285862006664436
1505,0.002867781511770161
1506,0.002868012308338686
1507,0.0028644428077719782
1508,0.002863927740519076
1509,0.0028680758795911372
1510,0.0028645172868752133
1511,0.0028660905999609394
1512,0.0028687544547368105
1513,0.002876608175861252
1514,0.002871246556728456
1515,0.002866774069351609
1516,0.002865233649460325
1517,0.0028704965778405087
1518,0.0028671296918774693
1519,0.0028651902062679668
1520,0.002867754860415186
1521,0.0028622408503015733
1522,0.0028652733121637187
1523,0.0028623898066832383
1524,0.002870783154395436
1525,0.002873326029061294
1526,0.0028642064931644396
1527,0.002869540826086431
1528,0.00286872410840072
1529,0.0028637579528355975
1530,0.0028644674318066797
1531,0.002863665261646195
1532,0.002855224769407521
1533,0.0028656048002657563
1534,0.0028617730255775875
1535,0.0028751026707118073
1536,0.002861713048152179
1537,0.0028642371574573292
1538,0.0028668525108186326
1539,0.0028665823559906388
1540,0.0028717896196112885
1541,0.00286865819410238
1542,0.002865781468816321
1543,0.002859834443407927
1544,0.002876038186393262
1545,0.002869141829273401
1546,0.0028650368845885552
1547,0.0028616797220136227
1548,0.0028635437304517677
1549,0.0028679176900545406
1550,0.0028705215451275256
1551,0.0028658343829422767
1552,0.0028655464443114393
1553,0.0028649001546775556
1554,0.002870838417733785
1555,0.0028637751961458568
1556,0.002868623447795177
1557,0.002873974494058917
1558,0.0028645284545226013
1559,0.0028668791137121943
1560,0.0028671230693889382
1561,0.0028640313006690976
1562,0.0028603846258692806
1563,0.0028717506203077958
1564,0.0028618340401494664
1565,0.002865696371135468
1566,0.002861322110658769
1567,0.002857638166916347
1568,0.0028667990391295153
1569,0.002863474813368065
1570,0.0028714290956164323
1571,0.0028590841943741574
1572,0.002865399976997894
1573,0.0028676659235812117
1574,0.0028676062221789814
1575,0.002867813538615843
1576,0.0028617282355578922
1577,0.002857708793967004
1578,0.002864659448596522
1579,0.0028575508454978427
1580,0.0028572572134719677
1581,0.0028587287046635836
1582,0.0028600103701362603
1583,0.002864726302626078
1584,0.0028683416296245686
1585,0.002859011512359558
1586,0.002857839467452225
1587,0.0028695121009739855
1588,0.002861418815963627
1589,0.002858536498924747
1590,0.00286341983908685
1591,0.002867865369787924
1592,0.002859729717026803
1593,0.0028589139130868004
1594,0.0028657882236851825
1595,0.0028659391394586595
1596,0.002874756014566621
1597,0.002860851496508941
1598,0.002864246580300987
1599,0.002867269598162971
1600,0.002857396147249599
1601,0.0028610507262263668
1602,0.002864909907408351
1603,0.0028657812359138444
1604,0.002865064504032405
1605,0.0028601131859810583
1606,0.002861790824386558
1607,0.0028655066938366633
1608,0.0028660593049737765
1609,0.0028577743877678326
1610,0.0028634417156374794
1611,0.0028649900749071304
1612,0.0028541257707932243
1613,0.002869642699389767
1614,0.002859900819026393
1615,0.0028534011307589226
1616,0.0028546762199202634
1617,0.002860530609814459
1618,0.002862312113975389
1619,0.0028609176438216277
1620,0.002852510793984752
1621,0.0028616430186092566
1622,0.0028613371150781604
1623,0.002861228325044319
1624,0.0028652072081201806
1625,0.0028604121148346233
1626,0.0028644407863689775
1627,0.002854575895163971
1628,0.0028588878038685525
1629,0.0028629264857902405
1630,0.0028572337683305457
1631,0.002861213019531324
1632,0.002860977822873466
1633,0.0028594290257074914
1634,0.002858115126403916
1635,0.0028671749270529397
1636,0.0028581482802033597
1637,0.002861784813462097
1638,0.002857594753969771
1639,0.002862458184441486
1640,0.0028617300188972963
1641,0.0028662386020840737
1642,0.002854918171314386
1643,0.0028614178877664135
1644,0.0028601785514053416
1645,0.0028568297848968996
1646,0.002857215983623292
1647,0.0028638282398615543
1648,0.0028586370624806537
1649,0.002861571979529921
1650,0.0028617185245485674
1651,0.002859911913574417
1652,0.002862856026554833
1653,0.0028644572028195623
1654,0.002871700871384873
1655,0.0028535013374276124
1656,0.0028598096136399935
1657,0.0028652329593787267
1658,0.0028632667052552662
1659,0.0028554641153809906
1660,0.0028560054491162975
1661,0.0028631755391872195
1662,0.0028635683618769827
1663,0.002863915712174141
1664,0.002865684353144653
1665,0.0028655460616006665
1666,0.0028592209205221706
1667,0.002866432205145698
1668,0.0028577512923001844
1669,0.0028618243272948408
1670,0.002857168961968
1671,0.002861582494291592
1672,0.0028617535181543487
1673,0.002866149534203977
1674,0.0028566052624569263
1675,0.0028523890202022425
1676,0.0028557719347685868
1677,0.002860694103263285
1678,0.0028653442152635836
1679,0.0028648732677670993
1680,0.002865089477713898
1681,0.002857759582436675
1682,0.0028594320573230025
1683,0.0028555901474083397
1684,0.0028592054689326857
1685,0.002855914176330847
1686,0.0028549239324459764
1687,0.0028621190031710023
1688,0.0028545293405506864
1689,0.0028680387809519115
1690,0.0028584143759807393
1691,0.0028495468651044387
1692,0.0028600138482886917
1693,0.0028544043704199027
1694,0.002855059438068892
1695,0.0028664622198409997
1696,0.0028571531228379827
1697,0.0028576386443541456
1698,0.0028605370873409156
1699,0.0028494330601254187
1700,0.0028651713961478824
1701,0.002860948932190812
1702,0.0028529192356848265
1703,0.0028567523952303026
1704,0.0028592605863109835
1705,0.00286586780872001
1706,0.0028567846529893273
1707,0.0028708835492776454
1708,0.0028553252940619355
1709,0.002860389635261329
1710,0.002856869670720543
1711,0.0028539730970614484
1712,0.0028631439945753802
1713,0.0028578994939137924
1714,0.002862553840614142
1715,0.0028569568215082706
1716,0.0028681458059051563
1717,0.002858330477024493
1718,0.002860742885695093
1719,0.0028607677286805657
1720,0.0028478636622409196
1721,0.002854894098989405
1722,0.0028548323169983883
1723,0.0028529807227821724
1724,0.002860904148633283
1725,0.0028573227095964764
1726,0.0028646887416864182
1727,0.0028582277931777857
1728,0.0028564302991027223
1729,0.0028595419538671005
1730,0.002853881444313881
1731,0.002857707703162032
1732,0.0028535753644800856
1733,0.002858243175410237
1734,0.0028522444872713672
1735,0.00286113680121029
1736,0.0028550159535619185
1737,0.0028616681793975926
1738,0.002854280698014742
1739,0.00285410705108733
1740,0.0028572569218323855
1741,0.002852837588327811
1742,0.002859278755639545
1743,0.0028640736128611242
1744,0.002853469617305983
1745,0.0028565078088570663
1746,0.002863399328424428
1747,0.0028566597553386056
1748,0.002860662156451621
1749,0.00286169914834852
1750,0.002860649584156568
1751,0.002863249427479178
1752,0.00285374300969061
1753,0.0028561587787804075
1754,0.0028572431426336963
1755,0.0028647229247414055
1756,0.0028533222582670372
1757,0.0028593279891579136
1758,0.0028565315479169603
1759,0.0028560163889135657
1760,0.0028512605350867097
1761,0.0028544503242667993
1762,0.0028565103114827086
1763,0.0028487831634136426
1764,0.002848991092601724
1765,0.0028544923082645533
1766,0.0028569032518768645
1767,0.002858767458617544
1768,0.0028559644305999974
1769,0.002859217420816297
1770,0.002855688437878417
1771,0.0028503459206011546
1772,0.002852779087724825
1773,0.0028559288036155454
1774,0.002854569019217108
1775,0.002863240893457565
1776,0.002851082831181771
1777,0.0028583756178777874
1778,0.0028584034935751545
1779,0.0028508210530045594
1780,0.002853549789980487
1781,0.0028559427589793947
1782,0.002860305522106511
1783,0.0028519534993686614
1784,0.0028581678690248434
1785,0.0028545569885114054
1786,0.0028553233011508403
1787,0.002852574978115351
1788,0.002853605015479085
1789,0.002853184869264042
1790,0.002858032628105497
1791,0.0028556398533532146
1792,0.0028647538007159465
1793,0.0028565671468673217
1794,0.0028557393807949255
1795,0.0028560514587508017
1796,0.0028560551840858626
1797,0.0028529246434714525
1798,0.0028505117253569134
1799,0.0028497536199594588
1800,0.002869144555734448
1801,0.0028494039652841286
1802,0.0028584067055479625
1803,0.002857869051696046
1804,0.0028575590519287065
1805,0.002854793080989961
1806,0.0028478690283312716
1807,0.0028557902052118453
1808,0.0028570656370034545
1809,0.0028493290928796417
1810,0.002846872608614273
1811,0.002853775732563716
1812,0.002852824583635876
1813,0.00285840397085025
1814,0.002859514002200389
1815,0.0028584078140168286
1816,0.0028570416647744346
1817,0.0028504126031865013
1818,0.002861207385867656
1819,0.0028534345618786176
1820,0.0028575563585962692
1821,0.0028570005458053264
1822,0.002857952654469964
1823,0.0028553185945158475
1824,0.0028554865501487624
1825,0.002852139779529884
1826,0.0028482603980975758
1827,0.002852447837502662
1828,0.002856825537636005
1829,0.0028541370981136536
1830,0.00285314806849052
1831,0.002859667243736508
1832,0.002856408000763719
1833,0.0028583022397003065
1834,0.0028583177131395535
1835,0.0028561281715355716
1836,0.002863460000375447
1837,0.0028636020961319113
1838,0.0028494342773629387
1839,0.002849968170064953
1840,0.0028572896345060673
1841,0.0028527515847640316
1842,0.0028560640268899557
1843,0.0028533783902826414
1844,0.0028518042909247304
1845,0.0028602710274927864
1846,0.0028591800063211
1847,0.002857699532928379
1848,0.0028668091578508467
1849,0.0028547657994433943
1850,0.00285786696627586
1851,0.0028508663739814405
1852,0.0028535328470687734
1853,0.0028572106461220432
1854,0.0028578939433639267
1855,0.0028570850333401988
1856,0.002856956400612717
1857,0.002854284500076856
1858,0.002853644976960965
1859,0.002859964640049998
1860,0.002856312624181802
1861,0.0028531924882009806
1862,0.0028608117518267155
1863,0.0028524398519537354
1864,0.0028593890932481028
1865,0.002860395878404287
1866,0.0028463654927349522
1867,0.0028585766835767614
1868,0.0028493823429120357
1869,0.0028458597386980212
1870,0.0028578666148788632
1871,0.0028582880206080934
1872,0.002851358298203965
1873,0.002858498720643588
1874,0.0028507836767494394
1875,0.0028504706196990077
1876,0.0028539877738929693
1877,0.0028572115191295294
1878,0.002855578283865986
1879,0.0028637069804418316
1880,0.0028502780699596595
1881,0.002856901985632393
1882,0.0028589526218779095
1883,0.002853296916993506
1884,0.002856487711653024
1885,0.0028559345720786103
1886,0.002854303583590782
1887,0.0028488652254942052
1888,0.002854050205241035
1889,0.002848593477313796
1890,0.002850583285283159
1891,0.002852194463742866
1892,0.002851369650613975
1893,0.0028584760560416717
1894,0.002846248475397675
1895,0.002851087113653011
1896,0.002847583178133043
1897,0.0028533736326951794
1898,0.0028570577669241133
1899,0.0028515724814779804
1900,0.0028580807988871993
1901,0.0028529277892193642
1902,0.002850840716457058
1903,0.002853195671031028
1904,0.0028567286810986677
1905,0.0028512845536011913
1906,0.002848175209546419
1907,0.002862873692706165
1908,0.0028500605766714013
1909,0.0028617612676441724
1910,0.002849885518576013
1911,0.0028494576902138168
1912,0.002850862828217281
1913,0.002854058104026139
1914,0.002864343099887895
1915,0.0028575838203044367
1916,0.0028580761723446934
1917,0.0028497638194866395
1918,0.0028576008874078448
1919,0.0028479039071888303
1920,0.002848211257072045
1921,0.0028532927651991257
1922,0.0028457706878227728
1923,0.002855302219140984
1924,0.0028576717376805638
1925,0.0028511606972842322
1926,0.002855323823067371
1927,0.002856486731395222
1928,0.002848521071255859
1929,0.0028548333779862007
1930,0.002852109729866503
1931,0.0028523364905161763
1932,0.002851382133926699
1933,0.002857909258481627
1934,0.0028629905680491916
1935,0.0028542388107970556
1936,0.0028610184711935576
1937,0.0028504530529279187
1938,0.002845763486059222
1939,0.002847581896396324
1940,0.0028516472087874397
1941,0.0028536489174093927
1942,0.00284494076400903
1943,0.0028573660516822952
1944,0.0028527538133148356
1945,0.002848441060969489
1946,0.0028496775776277175
1947,0.0028598276378126925
1948,0.002858572667943959
1949,0.002855572745593037
1950,0.0028515685477283293
1951,0.002858535627865407
1952,0.0028515706675987526
1953,0.0028552790553011916
1954,0.002857360072216929
1955,0.0028515113792793915
1956,0.00285770192316174
1957,0.0028540700875453002
1958,0.002852509760401802
1959,0.0028561126226674177
1960,0.0028491969288357497
1961,0.00285136018842988
1962,0.0028497852996510315
1963,0.002846303700987336
1964,0.0028610004540821155
1965,0.0028607150760337177
1966,0.002847774781499681
1967,0.002848968271763104
1968,0.0028561114790337325
1969,0.0028588012304787075
1970,0.002852021876065444
1971,0.002853779627291419
1972,0.0028472355594310367
1973,0.002853168868966218
1974,0.002849060862954682
1975,0.0028510150900877477
1976,0.0028558781046918212
1977,0.00285392079327495
1978,0.0028616855212158926
1979,0.0028480313289120755
1980,0.002848581091118918
1981,0.0028536606051973866
1982,0.0028509549774408185
1983,0.0028517291096277595
1984,0.0028538514285841037
1985,0.0028524479981451847
1986,0.0028564334363584943
1987,0.0028522198485649223
1988,0.0028593026278208302
1989,0.0028489982012908964
1990,0.0028528286776144636
1991,0.0028556833004344116
1992,0.0028502746196459846
1993,0.002847624985774343
1994,0.002848944420560244
1995,0.002853249832275522
1996,0.002856834444307285
1997,0.0028466181595763235
1998,0.002852933907411268
1999,0.0028492721842847237
