epoch,loss
0,0.022184057287197915
1,0.01712835756736671
2,0.01573482481248035
3,0.01505282847587282
4,0.014663674066766856
5,0.014432501152378156
6,0.014276913877077755
7,0.014169081021467128
8,0.014071163074197939
9,0.014004505352625322
10,0.013941602906271531
11,0.013903896743685881
12,0.01387569675721512
13,0.013825268965125504
14,0.013793417264968553
15,0.013795302603964155
16,0.013753726642371428
17,0.013749729367870457
18,0.013759881714619946
19,0.013702746055922142
20,0.013682694069745028
21,0.013680198120146838
22,0.013687853593204046
23,0.013643811922115024
24,0.01363213464699755
25,0.013646053447904281
26,0.013629248235639211
27,0.013599100354555539
28,0.013617187963117776
29,0.013585012214934697
30,0.01361383106860904
31,0.01357283304458833
32,0.013592812122779354
33,0.013561334449098045
34,0.013577699736094002
35,0.013569226799459084
36,0.013563577948540056
37,0.013567477260574771
38,0.0135522122126145
39,0.013579416559229215
40,0.013526692869952004
41,0.013520576533626972
42,0.013522694048880441
43,0.013509922200970135
44,0.013506374539679272
45,0.013511603072558626
46,0.013518756396848642
47,0.013525324393432778
48,0.01352410629050146
49,0.013504168593353414
50,0.013495155132261797
51,0.013515191685412497
52,0.013497809596704607
53,0.01349588112116068
54,0.013470087933198203
55,0.013479363501609946
56,0.013468692504316959
57,0.013489414364449401
58,0.013480734527355482
59,0.013465673403020701
60,0.013492785833784247
61,0.013493053655307348
62,0.013472623897559237
63,0.01347134321672152
64,0.013459077789737098
65,0.013454920629000345
66,0.013460759806946125
67,0.013441118445636597
68,0.013464579778256255
69,0.01347393683176933
70,0.013451888525749257
71,0.01348576824307173
72,0.013477708760667334
73,0.013448020568996888
74,0.013448611088706666
75,0.013452776336530872
76,0.013467837396378794
77,0.013462344023855944
78,0.013459212796179912
79,0.013434316761788004
80,0.013449001014943687
81,0.013423683130019865
82,0.013435691436927995
83,0.013445507110437623
84,0.013443730833018211
85,0.013440606369070967
86,0.013421824662571975
87,0.013451325403075726
88,0.013426060171211686
89,0.013464926344173274
90,0.013439744670820215
91,0.013433931667166964
92,0.013425559713056038
93,0.013423128936126209
94,0.013416518110197997
95,0.01341175934156526
96,0.013443492159205702
97,0.01340934967271791
98,0.013400003108725566
99,0.013417122059357203
100,0.013429767385253734
101,0.013420376354422893
102,0.013409715741734723
103,0.013428715252837817
104,0.013414762264683572
105,0.013428696709611589
106,0.01340531858723754
107,0.013418816968509517
108,0.01340273317259458
109,0.01342213442975391
110,0.013434302128794151
111,0.013412183423985235
112,0.013412818682990737
113,0.013405131739833499
114,0.013419769637605881
115,0.013406482519190618
116,0.01341527941421491
117,0.013409272184794908
118,0.013406193712570803
119,0.013416263992302325
120,0.013412005379340472
121,0.013399364808256854
122,0.013390049729335331
123,0.013412273775793534
124,0.013389641784319761
125,0.013394456957450484
126,0.013399730476106325
127,0.013423616209621445
128,0.013388394015616638
129,0.013420670894560366
130,0.013417458979088965
131,0.013389103233619996
132,0.013394376674456813
133,0.013387908754848526
134,0.013388252164759229
135,0.013420392818989877
136,0.013409042611807934
137,0.013395942107797511
138,0.013388720598103256
139,0.01339167917007719
140,0.013394977651644087
141,0.013388347136427156
142,0.013396593007631548
143,0.013381116381776121
144,0.013403453080420374
145,0.013400585182126123
146,0.013392676533979677
147,0.013390185254598114
148,0.013374806344126262
149,0.013398191518113977
150,0.013384256054313527
151,0.013379382520572905
152,0.013404809937789116
153,0.013383326503457233
154,0.013377846933978093
155,0.013393222655538068
156,0.013388308543586021
157,0.013378859924843492
158,0.013372139404576688
159,0.013380244098293886
160,0.013378850888981643
161,0.0133902606372376
162,0.013397455223826094
163,0.013387102572234218
164,0.013399285294472933
165,0.01336962150828956
166,0.013390924251135685
167,0.013399401595388024
168,0.013387455576091382
169,0.013379690749551365
170,0.013408157599450313
171,0.013353410935554144
172,0.013385667118485503
173,0.013382241936394056
174,0.013386172405646733
175,0.013372208899906982
176,0.013399156472175664
177,0.01339608793908755
178,0.013365150699865306
179,0.013370192316160469
180,0.013400074852552209
181,0.013374550948557712
182,0.013386198531909766
183,0.013389468501535462
184,0.013410439430173983
185,0.013394255191794487
186,0.013399930750926494
187,0.013378727058317219
188,0.013381825939922628
189,0.013383875875513273
190,0.013386088837391164
191,0.013361558508431634
192,0.013363913214364418
193,0.013373707819572686
194,0.013389394133735215
195,0.01338946722964602
196,0.01336373289722307
197,0.01337807887750956
198,0.013361085562059057
199,0.01338270680096846
200,0.013340000925920886
201,0.013353854428569357
202,0.013365281446929249
203,0.01338150167803145
204,0.01339384337125227
205,0.013386082876288502
206,0.013363991798499718
207,0.01337181174741554
208,0.013382135617351482
209,0.013374326195476587
210,0.013375518251511181
211,0.013384385303908794
212,0.013362497663709519
213,0.013364963630924506
214,0.01337856667331547
215,0.013381118437824632
216,0.013349405020505
217,0.013364502266605452
218,0.013352549471703763
219,0.0133645349098197
220,0.013351813869471693
221,0.013379111365656513
222,0.013366613361416584
223,0.013376823466723498
224,0.01337563655400283
225,0.013372478586886746
226,0.013366842705070568
227,0.013391596826632834
228,0.0133781639915376
229,0.013369742012507818
230,0.01336147295767419
231,0.013367000512897523
232,0.013366194600078197
233,0.013351382634045967
234,0.0133648813754809
235,0.013379028200329119
236,0.013360457808548887
237,0.01337339391791094
238,0.013350514715979825
239,0.01335400662487767
240,0.013377494997966187
241,0.013345102958103339
242,0.01336067396306357
243,0.013358227307346385
244,0.013375918978923935
245,0.013339809674022991
246,0.013342112151682248
247,0.013376294097514865
248,0.013363217604927629
249,0.013365221529118622
250,0.013369043032577889
251,0.01337194040467277
252,0.013329815115721998
253,0.013360159217948838
254,0.013360953153178664
255,0.013379848480687538
256,0.013369339350398824
257,0.013371138268550768
258,0.013364661077594124
259,0.013355072066147156
260,0.013348515150061285
261,0.013350579991934947
262,0.013354708855820517
263,0.01333885889959814
264,0.013376296778224089
265,0.013340217643830579
266,0.01338069350496005
267,0.01333839940821432
268,0.013364497168873234
269,0.013363694935190525
270,0.013336185145064723
271,0.013364009874202248
272,0.013379364535339605
273,0.013366165264710619
274,0.013370715758119135
275,0.013365553499523074
276,0.013371831066783666
277,0.013351629477629882
278,0.013357442400510448
279,0.013358657014772032
280,0.013354476259438506
281,0.013365484724166201
282,0.01333799066450348
283,0.01335239398274424
284,0.013365646284154094
285,0.013344204014487956
286,0.013340064100781483
287,0.01334408057817234
288,0.013347651246569307
289,0.01336417695295727
290,0.013349194675120855
291,0.01335514289795138
292,0.013358726872888168
293,0.013358936275532852
294,0.013366165108210908
295,0.013349529990663396
296,0.013351056224137365
297,0.01334704093330463
298,0.013371622698738749
299,0.01336391931518665
300,0.013342203499539794
301,0.013342929199545765
302,0.013363710091604522
303,0.013377184272105117
304,0.013352822245634456
305,0.013337758685458955
306,0.01334787886843833
307,0.013362375453580795
308,0.013354874163289749
309,0.013345863989704321
310,0.01335801776298001
311,0.013342039502395845
312,0.01336988311128079
313,0.01333010802230303
314,0.013338566630656273
315,0.013353374072289025
316,0.01335182469727597
317,0.013362178664212243
318,0.013353600977695406
319,0.013354459859062223
320,0.013336245635597347
321,0.013348811110420595
322,0.013474514100010389
323,0.013353918634078156
324,0.013355786615588484
325,0.013351691903836312
326,0.01333936211864467
327,0.0133688129121834
328,0.013347640327884481
329,0.013365876826195465
330,0.013339452979947975
331,0.013353059856472808
332,0.013341138581799172
333,0.013341805922401535
334,0.013354584561421775
335,0.013346859402462462
336,0.013327748465959228
337,0.013343565804790881
338,0.013352609824667261
339,0.013364759948205213
340,0.013356161727057649
341,0.013337191552043149
342,0.013337017910974195
343,0.013335337631972253
344,0.013340533628510487
345,0.013361489495569905
346,0.013326134423551609
347,0.013356387912401324
348,0.01334713728059389
349,0.013355595942331187
350,0.013363006248144274
351,0.013346098942770506
352,0.01334222915694449
353,0.013357630279022356
354,0.01335599524854817
355,0.01336819428182813
356,0.013336695501105394
357,0.013355571509296556
358,0.013349711379472549
359,0.013347745178964822
360,0.013348178872406783
361,0.013328288783203922
362,0.013370286515610844
363,0.013347693874543504
364,0.013358053127061249
365,0.013331473427988922
366,0.01333283014641314
367,0.013352202237532492
368,0.013355355418811584
369,0.01335616157990631
370,0.013371090751847477
371,0.013344595483046612
372,0.013315065330059973
373,0.013371853293872063
374,0.013341457797549066
375,0.013356263816307994
376,0.01332548298844921
377,0.013357143451558202
378,0.013332850559465271
379,0.013339414295530696
380,0.013341963144397046
381,0.013334632333105216
382,0.013349933001333063
383,0.013347600910286538
384,0.013338940261594118
385,0.0133634595014912
386,0.01334313702043006
387,0.013339302349026022
388,0.013340605046311196
389,0.013355503621626496
390,0.013340766356311406
391,0.01333443685671301
392,0.013342081956458267
393,0.013390974525842893
394,0.013356967887770507
395,0.013340031168591395
396,0.013341429302511396
397,0.013339185124219395
398,0.013327982034520985
399,0.013335625044676737
400,0.013401756311180657
401,0.013364237817933666
402,0.013366984577009577
403,0.013357284558672333
404,0.013324964311085026
405,0.013334184931573663
406,0.013318990921503017
407,0.013327772262246238
408,0.013352677482452417
409,0.013319373351344872
410,0.013340154411064257
411,0.01332872025629155
412,0.013344398583114163
413,0.013342752249127747
414,0.01333793752913739
415,0.013358925736412855
416,0.0133365993480807
417,0.01334856027556906
418,0.013346806167477085
419,0.013342907829737068
420,0.013345796583709244
421,0.013335692886570612
422,0.013352354866432128
423,0.013344447738244617
424,0.013322785004159059
425,0.013321754409889974
426,0.013329118021021233
427,0.013340259969198293
428,0.013318729199658623
429,0.013324226209868173
430,0.013342423327873951
431,0.013346059333328773
432,0.013357055149195118
433,0.013318540160083707
434,0.013330384379624758
435,0.013322277829329918
436,0.01332621676795304
437,0.013328584631590746
438,0.013341282240807578
439,0.013349435452700113
440,0.01334554459932083
441,0.013349382479275963
442,0.013338797802565854
443,0.013328131078371164
444,0.013356525000773844
445,0.013352822885533478
446,0.01333962381373101
447,0.01334764974265803
448,0.01333792954942286
449,0.01333871057954677
450,0.013313863240441167
451,0.0133335191519793
452,0.013326100508429134
453,0.013322767792190512
454,0.013347318050458907
455,0.013324042319148228
456,0.013327206166786579
457,0.013347093097616445
458,0.013333093556015379
459,0.013346020648492033
460,0.013343835728754307
461,0.01331415491129173
462,0.013328770652286636
463,0.013336362072204072
464,0.013339284541789677
465,0.013314139438089357
466,0.013338811779144954
467,0.01334743725939697
468,0.013341516009358527
469,0.01335489707325074
470,0.013337490108928365
471,0.013334044930151225
472,0.013334957840821893
473,0.01332859789102402
474,0.013341327767682591
475,0.013341649403072564
476,0.013332858295077427
477,0.013331087089621751
478,0.01335597369273265
479,0.013325801870464098
480,0.013336864962620983
481,0.0133279630048308
482,0.01334723462453996
483,0.013326459483497227
484,0.013344911476577799
485,0.013320535263214077
486,0.013364642303959203
487,0.013318601653897234
488,0.013334387356473121
489,0.013337659373347821
490,0.013316236538930762
491,0.013340019963778624
492,0.013338517441445949
493,0.013325271095758245
494,0.01334560491320633
495,0.013321427136939656
496,0.013315281142063599
497,0.013327648673996469
498,0.01332152141053368
499,0.013339107615287315
500,0.013350792264227588
501,0.013309688699122255
502,0.01334439302692594
503,0.013339495332403946
504,0.013342306636084364
505,0.013347483934163306
506,0.013341651206342012
507,0.013337811721020573
508,0.013354108780549852
509,0.013341702588111548
510,0.01335378359706288
511,0.013344000392635991
512,0.013319992622342137
513,0.013346269432250252
514,0.013329779809690974
515,0.013321846328673555
516,0.013346793204334111
517,0.013317500476299175
518,0.013323238598102843
519,0.013325332959198865
520,0.013335631578620931
521,0.013339744350317083
522,0.013335170301457125
523,0.013335365331864106
524,0.013337275671392387
525,0.013356714642901155
526,0.013332478042902725
527,0.013318986749095554
528,0.013355775101167262
529,0.013321300300608858
530,0.013328610374014824
531,0.013313709773187656
532,0.013349982387221146
533,0.013323902764761374
534,0.013318999896662484
535,0.013320957837071962
536,0.01333474403558379
537,0.013338005465756336
538,0.01333193415617325
539,0.013305889786844284
540,0.013318754845903715
541,0.013338922733143346
542,0.013324375542774767
543,0.013325755598907647
544,0.01332375522026041
545,0.013322747513285845
546,0.013327042414135033
547,0.013351969371565653
548,0.013303624119273027
549,0.013331673122892174
550,0.013327150927761083
551,0.013326592161480563
552,0.013325754300914745
553,0.013333090150720253
554,0.0133027537411647
555,0.013322379403501887
556,0.013332541031873365
557,0.01331332195342178
558,0.01334156221281602
559,0.013324478140340644
560,0.013329994247590354
561,0.013321362866846896
562,0.01351476481935966
563,0.013392967398239228
564,0.013387527097011364
565,0.013366920311266824
566,0.013330387883500381
567,0.013331628725064678
568,0.013336185246865627
569,0.01333586780075956
570,0.013334066230918255
571,0.01331466020910001
572,0.013323638490383722
573,0.013306575296520927
574,0.013305662296860914
575,0.013347327506132507
576,0.01333171996297634
577,0.01331090928037322
578,0.013325764114978423
579,0.013326737665631888
580,0.013332634587344315
581,0.013337162943253935
582,0.013333028836302536
583,0.01332830810699017
584,0.013308970611050092
585,0.013342964141030178
586,0.01332878719044645
587,0.013316485116732918
588,0.013325060850996105
589,0.013350989686768061
590,0.013316397881388114
591,0.013327543603612635
592,0.013314910346141491
593,0.013321641156211754
594,0.013298493708276892
595,0.013321437983099451
596,0.013330110876263061
597,0.013340510118603124
598,0.013323276733314142
599,0.013312224024568197
600,0.013335243968471099
601,0.013344077726431744
602,0.013334336011664399
603,0.013334225488628601
604,0.013319606060860769
605,0.013322855800655927
606,0.013306746625531286
607,0.013339847594379764
608,0.013318694604898972
609,0.013314141342039346
610,0.01333200690218915
611,0.013314182704811882
612,0.013323348208617239
613,0.01332022192654683
614,0.013314385073154016
615,0.013324070676316505
616,0.013315405013481111
617,0.013317839980968277
618,0.013328815767610086
619,0.01332516569693383
620,0.0133524804471181
621,0.01333457057496608
622,0.013317505840506358
623,0.013308576749180283
624,0.013327656295614672
625,0.01330592596518388
626,0.013319940851930235
627,0.013306385225478634
628,0.013339068395073818
629,0.01331442812491257
630,0.013315776671995589
631,0.013317557839118265
632,0.013323398666608706
633,0.013340221040757725
634,0.013322351826023851
635,0.013323849345406596
636,0.013330541880747804
637,0.01331985736994173
638,0.013323305224477661
639,0.013323461962835003
640,0.013340325619032476
641,0.013339392263448184
642,0.013332460039187723
643,0.013316909729771311
644,0.013313780749880528
645,0.013326613078527444
646,0.013326332630276539
647,0.013327656597408682
648,0.013305233750567693
649,0.01331332273550128
650,0.013336769349840214
651,0.013347782178346868
652,0.013339964926819204
653,0.01328752865368935
654,0.013329582097368774
655,0.013319348280644369
656,0.013288313117780908
657,0.013330482791666572
658,0.013313229824606906
659,0.013304356356115108
660,0.013329407925170835
661,0.01331268967750724
662,0.013319593880652573
663,0.013322923041640055
664,0.01334225911366585
665,0.013322653282854662
666,0.013340469701904391
667,0.01330429019666271
668,0.013321579531718456
669,0.013318394898810823
670,0.013301282727224584
671,0.013315670547751892
672,0.01334715795512664
673,0.013327700635751191
674,0.013298486124626063
675,0.013294626478381597
676,0.013333206133196
677,0.01332009927284625
678,0.013317853792494177
679,0.013304162915539887
680,0.01332044856175704
681,0.01330260433570313
682,0.01331392677997571
683,0.013325728667083899
684,0.013326290690907282
685,0.013319660599034475
686,0.013323886886178572
687,0.013324524853062115
688,0.013307791925102654
689,0.013304536539190014
690,0.013306385510152955
691,0.013301208801401865
692,0.013312709791892023
693,0.013309278930748136
694,0.013320276205314474
695,0.013315004442105318
696,0.013316490477358498
697,0.013321296934900024
698,0.013326387548825277
699,0.013310340707392489
700,0.013306352444204634
701,0.013319124062957675
702,0.013310667884685415
703,0.013308817680302103
704,0.013322226382848185
705,0.013315963398822388
706,0.013316215332768808
707,0.01331824507075903
708,0.013333213059821266
709,0.013314687124781231
710,0.01332756667874264
711,0.013325018891011241
712,0.013333268455061945
713,0.013310812921858815
714,0.013290620189348328
715,0.01331647370762234
716,0.013309400589704725
717,0.013305198868381014
718,0.013323463292403316
719,0.01331262177005002
720,0.01331025615283247
721,0.013320394248158913
722,0.013295309168893066
723,0.013309019250573253
724,0.013312824364500205
725,0.01331332831506832
726,0.013304096692555853
727,0.013327720087970965
728,0.01332038291446538
729,0.013331689788359502
730,0.013346070277233698
731,0.013322138280959142
732,0.013292764818978793
733,0.013319695058562935
734,0.013319760952127292
735,0.013323798305849172
736,0.013321116195008595
737,0.013308327487355939
738,0.013308732989134526
739,0.013324233646227002
740,0.013293500256147827
741,0.013308870990572291
742,0.01331236995859333
743,0.0133392361472568
744,0.013294153720936194
745,0.013321795509876114
746,0.013307405194555769
747,0.013322600072000873
748,0.013320201565396714
749,0.013296660672473423
750,0.013324954426781568
751,0.013305001674154122
752,0.013316468932025066
753,0.01329116160790361
754,0.013315037920356227
755,0.013329999805231309
756,0.013318251592680307
757,0.013285740169148255
758,0.013300796955578741
759,0.013311115863712968
760,0.01331258030656125
761,0.013313239313446128
762,0.013291893137622222
763,0.013316896800994807
764,0.013311117415197287
765,0.013314809536130484
766,0.013311770863823983
767,0.013299113306097034
768,0.01332365833404949
769,0.013333662192820171
770,0.013333669719788072
771,0.013312182984851836
772,0.013306804064240542
773,0.013305587251298101
774,0.013313492281720171
775,0.013320031559051435
776,0.013308239391717033
777,0.013328509931813452
778,0.013326779038265518
779,0.013316374840679436
780,0.013290546619547624
781,0.013326133642182075
782,0.013316362602427034
783,0.013317373508546611
784,0.013289870299463881
785,0.013310080786893629
786,0.01330493170311145
787,0.013307298453224274
788,0.01332135119044892
789,0.013312446763496664
790,0.013286064610333576
791,0.013312294714174134
792,0.013302009249260607
793,0.013312230208287852
794,0.013304285574463
795,0.013301002318120498
796,0.013321982538075778
797,0.013307075084846548
798,0.013281496466435934
799,0.013310856396063692
800,0.013324275992442838
801,0.013326246622449262
802,0.013291116302262198
803,0.013320519975821175
804,0.013329838812608331
805,0.013301698035855467
806,0.01328389075622755
807,0.013335078966081052
808,0.013329252521589494
809,0.013300124633635807
810,0.013312390211104702
811,0.01330640426789921
812,0.013296677020122985
813,0.013307908225002427
814,0.0133156119045594
815,0.013331917637586538
816,0.01331429927192691
817,0.013302956316799106
818,0.01329279812330291
819,0.013336559026642282
820,0.013313652819177185
821,0.013308124052346024
822,0.013313802108747625
823,0.01329916550820615
824,0.013300119702979946
825,0.013316623617056053
826,0.013306887817939178
827,0.013321731791216707
828,0.013294831687487099
829,0.013303042492425912
830,0.013311704184159258
831,0.013329411913080767
832,0.013290412873790932
833,0.01594589622009737
834,0.01331518987599178
835,0.013286043896657234
836,0.013300670684370134
837,0.013313397910653668
838,0.013284067308538912
839,0.013300664311841631
840,0.013313912071878917
841,0.013306795728591775
842,0.013328665008193272
843,0.013290817134802969
844,0.013310501306588531
845,0.013298303075877272
846,0.013292890790360203
847,0.013303044214886465
848,0.013305291252459299
849,0.013309073299070205
850,0.013316441576271293
851,0.013322341483772192
852,0.01330799195720534
853,0.013317065046249297
854,0.013312621370750333
855,0.013324368452477925
856,0.013312787961340347
857,0.013331299609804437
858,0.013304073102846065
859,0.013295498894345198
860,0.013332395415711386
861,0.013301292881814258
862,0.013316758679174638
863,0.013305732212486765
864,0.013306829693857852
865,0.013321510268261309
866,0.01331821314342795
867,0.013302561832978704
868,0.013306846674301426
869,0.013306640789041115
870,0.013296731259515884
871,0.01329696470685883
872,0.013307258618241188
873,0.013333205550451581
874,0.013301707774303987
875,0.01331153435549606
876,0.013300523485179088
877,0.013324595873017108
878,0.01331629553970056
879,0.01329753313466704
880,0.01328269124852675
881,0.013315196623990881
882,0.013305687843424636
883,0.013329168160819298
884,0.013291504102119076
885,0.013299872641836736
886,0.01330215914131727
887,0.013296448199403003
888,0.013300042026279164
889,0.013301732187119598
890,0.013294274508882119
891,0.013312789239913069
892,0.013303074820822698
893,0.01330300701460944
894,0.013299347204131225
895,0.013291395154199855
896,0.01331419339595423
897,0.01332429033934392
898,0.01330647979728533
899,0.013293593363817562
900,0.01331430737175015
901,0.013310890035620386
902,0.01329292959191129
903,0.013302159739428944
904,0.013311643029784046
905,0.013273213217153494
906,0.013297488532262728
907,0.013321609297312256
908,0.013329408961485238
909,0.013319489139493233
910,0.013292903566103402
911,0.013303927798623555
912,0.013303649870810588
913,0.013311118831025086
914,0.013300484471606977
915,0.013299369825856139
916,0.013309940504519962
917,0.013300203388123908
918,0.01330009555705422
919,0.01331188603350309
920,0.013289002353106816
921,0.01330354200948448
922,0.013309987401503428
923,0.01332158043689875
924,0.013318303257619808
925,0.013308144604991549
926,0.013287090262715092
927,0.013309619110616592
928,0.013295266650517315
929,0.013286577690224262
930,0.013321580248975352
931,0.013302002866562924
932,0.013309015392338258
933,0.013304410051924703
934,0.013312063101686733
935,0.013303196396509783
936,0.013308811730461162
937,0.013335405151852713
938,0.013281477658902885
939,0.013288422479479162
940,0.013305097032976849
941,0.01331153051625494
942,0.013288436095332468
943,0.013319993324990004
944,0.013303989280219065
945,0.013289628711187607
946,0.013307864130762691
947,0.013299176820087752
948,0.013282524227821734
949,0.013318209361591192
950,0.013273871581081764
951,0.013308385345406619
952,0.013313209397413784
953,0.013301811781612577
954,0.013291701640510337
955,0.013329034807068981
956,0.013295226532765148
957,0.013288511824737757
958,0.013314845167457382
959,0.013297140405665297
960,0.013323744438649292
961,0.013299042888235866
962,0.013290680400434882
963,0.01331191757783181
964,0.013302345312878045
965,0.013297354307252485
966,0.013289427815951096
967,0.013310334798982705
968,0.013298976856592336
969,0.013298829837413397
970,0.013290814347646082
971,0.013278235835321874
972,0.013310631847660433
973,0.013300745271066637
974,0.01331818245912885
975,0.01331030899927478
976,0.013314200526287612
977,0.013299320605426539
978,0.013305894898315417
979,0.013306469153764123
980,0.013295341801393017
981,0.013309169942239994
982,0.013293363806730421
983,0.013296164576321847
984,0.01329353706607296
985,0.013309817046965104
986,0.013297234697011058
987,0.013310355732075127
988,0.013305947434853267
989,0.013300329169310806
990,0.013310483732976285
991,0.013329130324213585
992,0.013299840572761009
993,0.013299871244401833
994,0.013289047396801399
995,0.013311395893356089
996,0.01329423797060355
997,0.013310825765419506
998,0.013290451242612043
999,0.01330657053229693
1000,0.013307678705666258
1001,0.01329860294156526
1002,0.013302519309989097
1003,0.013311447970386112
1004,0.013290958703912718
1005,0.013330628892702198
1006,0.013301954410822126
1007,0.01329750022635234
1008,0.01327631526364778
1009,0.013297623810885435
1010,0.013306759642685611
1011,0.013298093730488665
1012,0.013296749943404513
1013,0.013280704798485575
1014,0.013312690528995266
1015,0.013312463948882657
1016,0.013298221150271301
1017,0.013314283144725051
1018,0.013279394952090044
1019,0.013275210615296266
1020,0.013296219250993677
1021,0.01330730097931514
1022,0.013301633414976201
1023,0.0133023195068454
1024,0.013297696505748626
1025,0.013311704619531942
1026,0.013300150295005846
1027,0.01328904008564133
1028,0.013295421784456377
1029,0.013279475373507783
1030,0.013315871553000848
1031,0.013288222201376754
1032,0.013301398808363807
1033,0.013293615164228752
1034,0.01329130006829149
1035,0.013273451759181583
1036,0.013304539855683212
1037,0.013274687555497464
1038,0.013299087768703444
1039,0.013297973659894784
1040,0.013286884684279613
1041,0.013291800371189405
1042,0.013284213120316581
1043,0.013302541848670243
1044,0.013303877290038046
1045,0.01329172850675696
1046,0.01330036079645833
1047,0.013285252049189164
1048,0.013291711759593455
1049,0.013266535689133328
1050,0.01328569329753348
1051,0.013292047294885328
1052,0.01327653887702438
1053,0.013289327088730485
1054,0.013303565242583219
1055,0.01328893290535537
1056,0.013304642038943335
1057,0.013297888187891415
1058,0.01331532148448286
1059,0.013301116089443947
1060,0.013278762400613372
1061,0.013294896597521378
1062,0.01330613100930949
1063,0.013295275335696563
1064,0.013303476042822468
1065,0.013301722678044725
1066,0.013291772045623903
1067,0.013290570400652986
1068,0.013292453486150132
1069,0.01331121628019871
1070,0.01331253639596747
1071,0.01328812993003882
1072,0.013280210353390566
1073,0.01329712456596103
1074,0.013301246853152949
1075,0.013288821811735928
1076,0.013288921681189978
1077,0.013289585433029827
1078,0.013293569627116373
1079,0.013288408488849148
1080,0.013293162642178358
1081,0.013287072503048664
1082,0.013287805461204144
1083,0.013295019322696512
1084,0.013249758241792942
1085,0.01331657582835006
1086,0.013292991281003115
1087,0.013296001114623781
1088,0.013279113034568803
1089,0.013282647686293463
1090,0.013281044359900305
1091,0.013282904472297144
1092,0.013283361974294076
1093,0.013288808356454726
1094,0.013296533213629398
1095,0.013305804341381936
1096,0.013279878479418718
1097,0.013286776262862546
1098,0.013286681126734057
1099,0.013296193056192283
1100,0.013294391102680436
1101,0.013280316121501892
1102,0.013274790393001409
1103,0.01330727183273694
1104,0.01329970189400131
1105,0.01329875972846606
1106,0.01330561136870419
1107,0.013275733146293267
1108,0.013296615321535985
1109,0.013277969167047463
1110,0.01329829469401762
1111,0.013304310007519136
1112,0.013287754405088182
1113,0.013287512145932122
1114,0.013288501621409196
1115,0.013311338979455944
1116,0.013290844912003101
1117,0.013262210560406874
1118,0.01330332191846604
1119,0.013301239210293912
1120,0.013271248062487487
1121,0.01329911649278456
1122,0.013297229052962078
1123,0.013315819654255639
1124,0.01330515184365378
1125,0.013292255540953998
1126,0.013288966676268592
1127,0.013303610655737128
1128,0.013282387934308712
1129,0.01329793250627931
1130,0.013284413086170472
1131,0.013300540602982695
1132,0.013294929593994004
1133,0.013274486515457257
1134,0.013282164388774952
1135,0.013294938412673868
1136,0.01330526579483818
1137,0.01330498785901386
1138,0.01329325152555423
1139,0.013284317023783321
1140,0.013291977631973746
1141,0.01328014510757488
1142,0.013263790576642722
1143,0.013286357352321369
1144,0.01327683211815036
1145,0.013307768412318382
1146,0.013295174482854779
1147,0.013303850254292218
1148,0.013298635912946858
1149,0.013303339946267532
1150,0.013302185817805403
1151,0.013288251798098671
1152,0.013302804954635568
1153,0.013292554854759702
1154,0.013276551436054492
1155,0.013303534313835208
1156,0.013281740382759104
1157,0.01331997699675236
1158,0.013279893863305456
1159,0.013283996124761601
1160,0.013294519304713549
1161,0.0132949601975014
1162,0.013293659384559243
1163,0.013290332097326373
1164,0.013285285943019677
1165,0.013291122755131465
1166,0.013290956950889
1167,0.013309158656425766
1168,0.013315705242849588
1169,0.013295034268526363
1170,0.01329700263787443
1171,0.01327243435795362
1172,0.013272600770388391
1173,0.013281021709392151
1174,0.013297605272562277
1175,0.013280167610211432
1176,0.013286688016675641
1177,0.013286893235606579
1178,0.013282703192041492
1179,0.013295110778509868
1180,0.013282694946597758
1181,0.013282584691401571
1182,0.013277488624722682
1183,0.013302300790691265
1184,0.013284317918908717
1185,0.013286693552457152
1186,0.013281328532615043
1187,0.013296418329248107
1188,0.013286991104876082
1189,0.013282962805905798
1190,0.013289070786792832
1191,0.013267695230708797
1192,0.013279651196887609
1193,0.013286562494591996
1194,0.013272355924424552
1195,0.013284006344289254
1196,0.013293773323678638
1197,0.013294795495221343
1198,0.013293182034018856
1199,0.013285270390803208
1200,0.013285083734397053
1201,0.013285081357321243
1202,0.013308497584281575
1203,0.013287628269323129
1204,0.01329277877638983
1205,0.0132860672910573
1206,0.013280862393116715
1207,0.013289295048011325
1208,0.013303441354042588
1209,0.013291837337679135
1210,0.013290170676157856
1211,0.013288685149819884
1212,0.013283202350753053
1213,0.013285759428519334
1214,0.013308825679136972
1215,0.013277564460853042
1216,0.013299249445343723
1217,0.013275643332800319
1218,0.013295937916509648
1219,0.013307078995047161
1220,0.013285870352242948
1221,0.013290263532367366
1222,0.013290054476739704
1223,0.013293251967915734
1224,0.013286456734267784
1225,0.013271821737899587
1226,0.013298659155973678
1227,0.013319280543921523
1228,0.013292724275757626
1229,0.01327248407856789
1230,0.013296585590153195
1231,0.013300339350963836
1232,0.013287653904191914
1233,0.01330019780830646
1234,0.013304639042263342
1235,0.01327159127633708
1236,0.01328934017958976
1237,0.013293606285162667
1238,0.013296478549608118
1239,0.013282414609049336
1240,0.01327566138471237
1241,0.013303743714085686
1242,0.013292685073719872
1243,0.013264734241692052
1244,0.013290283914768546
1245,0.013300780218452851
1246,0.013277374442556474
1247,0.013281722666920522
1248,0.013285214590881105
1249,0.013293508919967452
1250,0.013293278610793557
1251,0.013293591066968327
1252,0.013284842324201096
1253,0.013295391780295705
1254,0.013277680362633328
1255,0.013282377962072475
1256,0.013290910246490706
1257,0.013264439352442856
1258,0.013279989761768205
1259,0.013295750362819415
1260,0.013302971190605821
1261,0.013285501917917322
1262,0.013254600807870552
1263,0.013295038418268375
1264,0.013287192604578984
1265,0.01326367400092017
1266,0.013294931791792522
1267,0.013297073550266896
1268,0.013308646130901032
1269,0.013286470083275725
1270,0.013286659541370347
1271,0.013272865407538458
1272,0.013281636411935483
1273,0.01324898186356015
1274,0.013285405052224848
1275,0.013274831000740846
1276,0.013292007873551556
1277,0.013283596864403885
1278,0.01328346524058262
1279,0.013292785939453816
1280,0.013292219298428769
1281,0.01330506973861471
1282,0.013275086667938455
1283,0.013273876628333204
1284,0.013292614664567498
1285,0.01329868207383542
1286,0.013287202952323371
1287,0.013274982840931896
1288,0.01328281912868596
1289,0.013298357328395804
1290,0.01328900513824534
1291,0.013284547688709179
1292,0.013277535586513593
1293,0.013286914958950529
1294,0.013294376572639675
1295,0.01329219010088612
1296,0.013278933839580611
1297,0.013277762198326585
1298,0.013294851108483373
1299,0.014269018863780262
1300,0.0159918747383145
1301,0.01332385737854849
1302,0.013284345523515807
1303,0.013286680423336986
1304,0.013305745701179749
1305,0.013293184497287978
1306,0.01329502225766611
1307,0.013280615605816896
1308,0.013276752626879966
1309,0.013281720922751476
1310,0.013282771877426006
1311,0.013279354853910625
1312,0.0132962293205718
1313,0.013260118317527814
1314,0.013269016554534946
1315,0.013265373699233083
1316,0.013296801448589501
1317,0.013283916804563848
1318,0.013297290667193477
1319,0.013286540742220932
1320,0.013276301355091122
1321,0.013289442369410697
1322,0.013287280317216262
1323,0.013285010266082514
1324,0.013269418071503452
1325,0.013299962316256462
1326,0.013288772556015531
1327,0.013271301930350667
1328,0.013295181399742145
1329,0.01328886029270499
1330,0.01329743001948436
1331,0.013283539371510384
1332,0.013274202725724356
1333,0.013297901015423549
1334,0.013287704634830715
1335,0.013290417140968696
1336,0.013287475097286028
1337,0.01329334866009329
1338,0.013291739703501303
1339,0.013272047678180583
1340,0.013249817650963723
1341,0.013259543456898545
1342,0.01327046120625033
1343,0.01330015242540608
1344,0.013270890252253436
1345,0.013285607391970817
1346,0.013305250649663985
1347,0.013261857141512397
1348,0.013288979509763859
1349,0.013283316371595457
1350,0.013289047797946929
1351,0.013279489236709843
1352,0.013269312736260341
1353,0.013291593536804367
1354,0.01329244047963429
1355,0.013282803518128437
1356,0.013288705048743464
1357,0.013264827287980832
1358,0.01327295240228799
1359,0.013267145579954865
1360,0.013278188389452607
1361,0.01327852554531658
1362,0.013267362972046929
1363,0.013250479455201318
1364,0.013277470392174981
1365,0.013288010264880678
1366,0.013280106307031967
1367,0.013287953125118778
1368,0.013284091053520679
1369,0.01326952596878245
1370,0.013289935590782778
1371,0.013277561165727448
1372,0.01328427357896862
1373,0.013291900953124302
1374,0.013274008198793014
1375,0.013288107552202805
1376,0.013277873365981845
1377,0.013286068065906478
1378,0.013257803530778994
1379,0.013295651904653087
1380,0.013253554535431042
1381,0.013298442863189888
1382,0.013262839640618827
1383,0.013252570701180504
1384,0.013304433295006204
1385,0.01327526779532869
1386,0.013293024475202976
1387,0.013286668502662845
1388,0.013271263578004821
1389,0.013275438940300957
1390,0.01327926742255393
1391,0.01327594481214916
1392,0.013274993129232898
1393,0.013265605481373583
1394,0.013290322801562763
1395,0.01326912579777926
1396,0.01327591269400361
1397,0.013276864012911562
1398,0.013285862174568319
1399,0.013278763994220394
1400,0.013282321030044314
1401,0.013293978913198093
1402,0.013273749459476373
1403,0.013283558741425837
1404,0.013297518535378954
1405,0.013275147296425207
1406,0.013257487929799756
1407,0.013257976793018674
1408,0.013294903567870562
1409,0.013278813660898675
1410,0.013253130637620115
1411,0.013271154150327449
1412,0.013262335924648774
1413,0.01326181000043097
1414,0.013290385864168695
1415,0.013278655870672744
1416,0.013273479921093038
1417,0.01328010585089774
1418,0.01326205972178347
1419,0.013267359616248134
1420,0.013259656591733728
1421,0.01325147446549629
1422,0.013285213580684161
1423,0.01328625383088998
1424,0.013249034200297752
1425,0.013271468686915899
1426,0.013293948826729315
1427,0.013282739649001658
1428,0.013271397105222908
1429,0.013281612483798319
1430,0.01326870703178399
1431,0.01327887925767403
1432,0.013294194789851157
1433,0.01328213853749681
1434,0.013293291524879281
1435,0.013292204140550747
1436,0.01329774373283741
1437,0.013267342580151017
1438,0.013289924908378381
1439,0.013290367243079183
1440,0.013285814866336305
1441,0.013274302805976584
1442,0.013279159945073398
1443,0.013274396102452818
1444,0.013276923891507586
1445,0.013259203294593597
1446,0.013268665843750176
1447,0.013281897218019643
1448,0.013262972440614588
1449,0.01327774719642394
1450,0.013275636423865464
1451,0.013257184388117264
1452,0.013287896465890093
1453,0.01327211237103285
1454,0.013267872672363748
1455,0.013268635890727711
1456,0.013275463237924301
1457,0.013279531065818877
1458,0.013259269477011032
1459,0.013273067560138447
1460,0.013282295019736054
1461,0.013264405466357992
1462,0.013297130755332733
1463,0.013273293911856556
1464,0.013276882623877712
1465,0.013287402511070058
1466,0.013260884639746937
1467,0.013263457253704368
1468,0.01326354214204281
1469,0.013283220776822521
1470,0.013275214678594521
1471,0.013292291796393413
1472,0.013263470111132646
1473,0.013270042010499182
1474,0.013266857297730854
1475,0.013291565833663277
1476,0.013264174275773375
1477,0.013279251874959203
1478,0.01325428350016151
1479,0.013279059261183921
1480,0.013281620912484185
1481,0.01328522704014553
1482,0.013270178693200076
1483,0.013266559005411597
1484,0.013264735416491718
1485,0.01328739597729372
1486,0.013267137153030012
1487,0.013276406558251892
1488,0.013290792314162875
1489,0.013266816830630974
1490,0.013281726869809229
1491,0.01326746295101475
1492,0.013279466206881975
1493,0.013267526301939744
1494,0.013273934538972156
1495,0.013276960322614837
1496,0.013290317107607266
1497,0.013266146374923833
1498,0.01326672111809892
1499,0.01328203914356662
1500,0.013275525346466229
1501,0.013260966852992386
1502,0.013267207359740423
1503,0.013268651131404317
1504,0.013259323031171943
1505,0.013291032784089387
1506,0.013283919661734924
1507,0.013265555319429741
1508,0.01327374041772868
1509,0.013299434945617807
1510,0.013250380008081574
1511,0.013260940286834534
1512,0.013279160200712778
1513,0.013282924496391636
1514,0.013272544463080455
1515,0.013262254172604673
1516,0.01327175227537267
1517,0.013269375277575301
1518,0.013278692320113332
1519,0.013271572954095189
1520,0.01329215080568351
1521,0.013264174363753406
1522,0.013261504421662464
1523,0.013259753446696032
1524,0.013266007454070469
1525,0.013275290511181283
1526,0.013264570842966035
1527,0.013261300621685542
1528,0.013257673179536578
1529,0.013292049896406132
1530,0.013278736759992324
1531,0.013288409480367702
1532,0.013269249137258476
1533,0.013285651333333367
1534,0.01327077081679774
1535,0.013266798880303186
1536,0.013265240474146622
1537,0.013257061191657725
1538,0.01328170544005781
1539,0.013268526870222778
1540,0.013263114814310762
1541,0.013269886290774064
1542,0.013280225384074031
1543,0.013258925236808031
1544,0.013281312817521995
1545,0.013279561401422535
1546,0.01324323741229048
1547,0.013266054680432326
1548,0.01327171589659694
1549,0.013285099396719558
1550,0.013273408369513778
1551,0.01325647767712207
1552,0.013292285996594964
1553,0.013227572621143484
1554,0.013272982304488512
1555,0.01325876892470066
1556,0.013273687447531808
1557,0.013269742697488785
1558,0.013270176663358195
1559,0.01326706801958768
1560,0.013255734461290213
1561,0.013294679830603968
1562,0.01326955543894422
1563,0.013280210269876707
1564,0.013254214761991305
1565,0.013259425085684827
1566,0.013246059138312909
1567,0.013270544864260688
1568,0.013274430600041846
1569,0.013268363717681182
1570,0.013289602662504264
1571,0.0132666699863707
1572,0.013280626622168829
1573,0.01326044622252167
1574,0.013274163141804659
1575,0.013278937335300613
1576,0.013278314036546498
1577,0.013255254032035651
1578,0.013281830958018518
1579,0.013270748387196817
1580,0.01327586343809377
1581,0.013262020897401548
1582,0.013245683484508395
1583,0.013285270982516289
1584,0.013279784033784678
1585,0.013283618640652141
1586,0.01326919505750093
1587,0.013286857792301831
1588,0.013245830278970302
1589,0.013290556830678417
1590,0.013253369039884487
1591,0.013265957011253689
1592,0.0132506112200816
1593,0.01326794996345948
1594,0.013260865204834275
1595,0.013260322173859364
1596,0.013291134177829268
1597,0.013276250709134216
1598,0.01328018730963548
1599,0.013271765012030853
1600,0.013248710348211715
1601,0.01328027461026427
1602,0.013279981611942585
1603,0.013284649005552762
1604,0.013282706341608401
1605,0.013268868000319161
1606,0.01326952687096094
1607,0.013257108547514244
1608,0.013267967893356932
1609,0.013273791632658577
1610,0.013274122528150379
1611,0.013274887383889752
1612,0.013252137338363218
1613,0.013269007169989768
1614,0.013268175834267159
1615,0.013275620409447275
1616,0.01326809975977527
1617,0.013235580853290928
1618,0.013259527940416873
1619,0.013273163938616606
1620,0.013248793722463641
1621,0.013254825342603728
1622,0.013271343291002045
1623,0.01329039625240973
1624,0.013267342197545502
1625,0.01326946073257336
1626,0.013264683941149541
1627,0.013245779161048837
1628,0.013274137174988947
1629,0.013273960841945332
1630,0.013254152864969393
1631,0.013271246387195349
1632,0.013270801299982118
1633,0.013263173007313275
1634,0.013257563654912508
1635,0.013273714334857226
1636,0.013270446963736986
1637,0.0132731690311518
1638,0.013275621715012575
1639,0.013259974180575389
1640,0.01327886568815315
1641,0.013287905492246689
1642,0.013268691094885637
1643,0.01326822048000083
1644,0.013261706331676462
1645,0.013276391702863493
1646,0.013257407553701073
1647,0.01327605890334882
1648,0.013246316070030047
1649,0.013260348162202985
1650,0.013261985979093817
1651,0.013262698671200225
1652,0.013255000887772912
1653,0.013266263825605203
1654,0.013267150610645123
1655,0.013267400556461747
1656,0.01326044137944402
1657,0.013271208402761641
1658,0.013278829330005022
1659,0.01327824136256706
1660,0.013283256370489238
1661,0.013284803428400039
1662,0.01324392663197778
1663,0.013289139102044503
1664,0.013279055188523806
1665,0.013271775903431414
1666,0.013258658389204548
1667,0.013259261129083738
1668,0.013264075769710802
1669,0.013269527486481221
1670,0.013247926594064057
1671,0.013288525434552272
1672,0.013274531200868744
1673,0.013272878639636982
1674,0.013293705353445491
1675,0.013258992359239139
1676,0.013272722269429616
1677,0.013280843366388928
1678,0.01326815477548608
1679,0.01327205290807769
1680,0.013260910079847267
1681,0.013269745160322045
1682,0.013280828868238689
1683,0.013265255962940897
1684,0.013303736260075198
1685,0.013272010417503938
1686,0.01325226842876779
1687,0.013263086682277908
1688,0.013265284491392713
1689,0.013288599736036964
1690,0.01328752131683219
1691,0.01325999678779208
1692,0.013255817536080666
1693,0.013260568876563641
1694,0.013276864011678097
1695,0.013267826955720527
1696,0.013271797586391085
1697,0.013277379334063765
1698,0.013265724390278424
1699,0.01326738105294329
1700,0.013276083122581743
1701,0.013251550215426977
1702,0.013270406233155875
1703,0.013265842860429875
1704,0.01327294754587204
1705,0.013275611695814482
1706,0.013277255057312184
1707,0.013286221071816696
1708,0.013256573373777742
1709,0.013259275517731898
1710,0.013279053598855176
1711,0.013250339109082618
1712,0.013261718441014808
1713,0.013247820696064597
1714,0.013277803902511483
1715,0.013280967224357018
1716,0.013270798989960208
1717,0.013252459249805044
1718,0.013281902206589221
1719,0.01326245489446106
1720,0.013258802899513361
1721,0.013273310921270928
1722,0.013258981396538916
1723,0.01327077527817174
1724,0.013263150633904475
1725,0.013268090136502767
1726,0.013262610075747345
1727,0.013270717942943006
1728,0.013245798701011747
1729,0.013252538458336188
1730,0.01326126757372955
1731,0.013266860525810383
1732,0.013271190218369132
1733,0.013287253823924044
1734,0.013262123910213496
1735,0.013258975548800222
1736,0.013266719032358609
1737,0.0132533667800589
1738,0.013264911838063075
1739,0.013272658461174742
1740,0.01326376844716079
1741,0.013262591423125856
1742,0.013278661766043894
1743,0.013248825057534918
1744,0.013265531192757056
1745,0.013245393925360723
1746,0.013271295564939107
1747,0.013262105722195643
1748,0.013270746016462314
1749,0.013252296533505865
1750,0.01327326876496225
1751,0.013273910243047431
1752,0.013257053539842032
1753,0.013254646367522964
1754,0.013254514971500092
1755,0.013254978766981552
1756,0.013252359034897292
1757,0.013250149405551545
1758,0.013248412829187232
1759,0.013272730512099255
1760,0.013260228097567031
1761,0.013250807920783944
1762,0.013279297103048484
1763,0.01327472478839451
1764,0.01325725484581488
1765,0.013248185335920955
1766,0.013265060297771592
1767,0.013275085632939398
1768,0.013274531307379076
1769,0.013278159352252185
1770,0.013255645825394444
1771,0.013266436633828123
1772,0.013245829942056437
1773,0.013260453954685378
1774,0.013264868666252642
1775,0.01327934041389324
1776,0.013264658985464027
1777,0.01324900488604988
1778,0.013266773853653048
1779,0.013275678177111864
1780,0.01328657098587967
1781,0.013269860131487145
1782,0.013276008782624228
1783,0.01326147871563932
1784,0.013253439759694938
1785,0.01325616768112049
1786,0.013259275018878604
1787,0.013250546980078744
1788,0.013293084427565556
1789,0.013275277352952072
1790,0.013258158007913912
1791,0.013254261249732969
1792,0.013278853420056644
1793,0.013267788694055253
1794,0.013272097082272937
1795,0.0132711678887736
1796,0.013298865407197512
1797,0.013257294286795365
1798,0.013246556361080415
1799,0.013264508293611709
1800,0.013258446455508978
1801,0.013257219253613759
1802,0.013274631500773668
1803,0.013257427198254897
1804,0.01325287602859482
1805,0.013252681380841045
1806,0.013289659340734346
1807,0.01326937516378009
1808,0.013261846391134004
1809,0.013255954934574186
1810,0.01324776911754078
1811,0.013265826426719899
1812,0.013261798369646747
1813,0.013254328415298005
1814,0.013254044319936964
1815,0.013256197874019488
1816,0.013265988519851385
1817,0.013218934932004094
1818,0.013264169029399161
1819,0.013272929607563945
1820,0.013242009365680254
1821,0.013291116487987939
1822,0.013268576451807155
1823,0.013255945597003365
1824,0.01329529784382951
1825,0.013262174025080235
1826,0.013254332275241951
1827,0.013268603317378804
1828,0.013264979615152763
1829,0.013239797281826844
1830,0.013293428629559241
1831,0.013272114332917485
1832,0.013261584606916536
1833,0.01327469984255608
1834,0.013278088657690435
1835,0.01326075417725504
1836,0.01326262454765303
1837,0.013286273153442342
1838,0.013251361392336536
1839,0.013267063710414131
1840,0.013257048864919328
1841,0.013278383513584121
1842,0.013266885574260269
1843,0.013259747573967263
1844,0.013266641068883749
1845,0.013263946764628456
1846,0.01326446626812415
1847,0.013272588944560751
1848,0.013266199759594957
1849,0.01327802496159197
1850,0.013245761005494204
1851,0.013267821967190042
1852,0.013256112403542002
1853,0.013290057175718035
1854,0.013267719048669292
1855,0.013290206290350158
1856,0.013265200820837202
1857,0.013255065115981473
1858,0.013252551774526796
1859,0.013253652482044706
1860,0.01327376238861352
1861,0.01328668837552505
1862,0.013259407709893723
1863,0.013247526719116064
1864,0.013255149691642043
1865,0.013260641798981064
1866,0.013254992253172549
1867,0.013262955751655738
1868,0.01326428947920598
1869,0.013246995835993494
1870,0.013279332733634215
1871,0.013276497392479769
1872,0.013271658882833987
1873,0.01326589239418553
1874,0.013270357842177189
1875,0.013248003510203709
1876,0.013267780679901725
1877,0.013245911939357622
1878,0.013271789383759449
1879,0.01326693402578217
1880,0.013258925154594649
1881,0.013268394354604437
1882,0.013247863314610553
1883,0.01327503510900903
1884,0.01328061538510234
1885,0.0132531949838799
1886,0.01325147692863774
1887,0.013257995234203429
1888,0.013272887009465993
1889,0.013257820870653072
1890,0.013268046759257409
1891,0.01325863922792059
1892,0.013254288715490704
1893,0.01326057562444607
1894,0.01325550928773041
1895,0.013236582776694348
1896,0.01325567193128578
1897,0.013264423120860739
1898,0.013257302502085556
1899,0.013258901364992822
1900,0.013272380997210944
1901,0.013274142925799417
1902,0.013280482747677293
1903,0.013274092765793393
1904,0.013269840525742024
1905,0.013252482937986339
1906,0.01325473815528892
1907,0.01324988113976889
1908,0.013249498669817578
1909,0.01326737598407635
1910,0.013250794621255772
1911,0.013254706982894628
1912,0.01325794490549537
1913,0.0132536915183036
1914,0.013267116584083468
1915,0.01326403765587437
1916,0.013279382031649023
1917,0.01328879394468859
1918,0.013255054365396085
1919,0.013249200492394272
1920,0.013258398069921875
1921,0.013264113185816736
1922,0.01326179030771378
1923,0.01325630669881499
1924,0.013260414746726503
1925,0.013267664970433671
1926,0.013270597218079138
1927,0.013271335111824564
1928,0.013272009126953758
1929,0.013274211378012536
1930,0.013245860060486803
1931,0.013258755042676996
1932,0.013265000004546681
1933,0.013273410797748535
1934,0.013260333993575783
1935,0.013274217374010593
1936,0.013263048221842922
1937,0.013275383771285981
1938,0.013278303585905434
1939,0.013264449790138948
1940,0.013262472587222938
1941,0.013266590074136705
1942,0.013250146925751868
1943,0.0132483734514997
1944,0.013269819787876115
1945,0.013246340316920577
1946,0.013254564252206533
1947,0.013250861685122742
1948,0.013279130019134864
1949,0.01327961780628677
1950,0.013267125100145718
1951,0.013254195457138516
1952,0.01326142960608673
1953,0.013278587414771002
1954,0.013249522178961838
1955,0.013255396837379835
1956,0.013273618913580849
1957,0.013265243970743568
1958,0.013265160175506118
1959,0.013255108794797488
1960,0.01327429124036475
1961,0.013254277997354768
1962,0.013275189890662084
1963,0.013267695450469864
1964,0.013261376230970439
1965,0.013270611876534135
1966,0.013248982795051536
1967,0.013261645297594231
1968,0.013254892936964116
1969,0.013278742936375649
1970,0.01325276272344007
1971,0.013248802212780507
1972,0.013257687734677009
1973,0.013249908365762652
1974,0.013266598825049101
1975,0.013248193203774676
1976,0.013284132951440689
1977,0.01325186524570195
1978,0.013286215843799057
1979,0.013247539775495344
1980,0.013277961894966656
1981,0.013260727600085133
1982,0.013273592943700938
1983,0.013247667853144556
1984,0.0132476912376071
1985,0.01324373780178809
1986,0.013273487985301877
1987,0.013257494298700238
1988,0.013279063216741221
1989,0.01326124462836652
1990,0.013247911102418103
1991,0.013255089232869997
1992,0.013248435394396572
1993,0.013265012718460083
1994,0.013251562343319824
1995,0.013282415680311485
1996,0.0132599494535075
1997,0.013268346046305914
1998,0.013242133670458102
1999,0.013282977292727895
