method,jet_class,guidance_weight,training_accounting,train_pflop,sampler_work_per_jet,infer_gflop_per_jet,inference_pflop_at_1e6,lifecycle_pflop_at_1e6,inference_pflop_at_1e7,lifecycle_pflop_at_1e7,inference_pflop_at_1e8,lifecycle_pflop_at_1e8
MPGAN,g,,portfolio acquisition cost,2259.142030080,1 generator evaluation,0.192821760,0.192821760,2259.334851840,1.928217600,2261.070247680,19.282176000,2278.424206080
MPGAN,q,,portfolio acquisition cost,2259.142030080,1 generator evaluation,0.192821760,0.192821760,2259.334851840,1.928217600,2261.070247680,19.282176000,2278.424206080
MPGAN,t,,portfolio acquisition cost,2259.142030080,1 generator evaluation,0.192821760,0.192821760,2259.334851840,1.928217600,2261.070247680,19.282176000,2278.424206080
FPCD,g,,portfolio acquisition cost,24.097037328,512 DDIM steps = 512 particle evaluations,30.719410176,30.719410176,54.816447504,307.194101760,331.291139088,3071.941017600,3096.038054928
FPCD,q,,portfolio acquisition cost,24.097037328,512 DDIM steps = 512 particle evaluations,30.719410176,30.719410176,54.816447504,307.194101760,331.291139088,3071.941017600,3096.038054928
FPCD,t,,portfolio acquisition cost,24.097037328,512 DDIM steps = 512 particle evaluations,30.719410176,30.719410176,54.816447504,307.194101760,331.291139088,3071.941017600,3096.038054928
FPCD-1,g,,portfolio acquisition cost,385.552597248,1 distilled DDIM step = 1 particle evaluation,0.059998848,0.059998848,385.612596096,0.599988480,386.152585728,5.999884800,391.552482048
FPCD-1,q,,portfolio acquisition cost,385.552597248,1 distilled DDIM step = 1 particle evaluation,0.059998848,0.059998848,385.612596096,0.599988480,386.152585728,5.999884800,391.552482048
FPCD-1,t,,portfolio acquisition cost,385.552597248,1 distilled DDIM step = 1 particle evaluation,0.059998848,0.059998848,385.612596096,0.599988480,386.152585728,5.999884800,391.552482048
EPiC-GAN,g,,portfolio acquisition cost,311.121285120,1 generator evaluation,0.012732416,0.012732416,311.134017536,0.127324160,311.248609280,1.273241600,312.394526720
EPiC-GAN,q,,portfolio acquisition cost,311.121285120,1 generator evaluation,0.012732416,0.012732416,311.134017536,0.127324160,311.248609280,1.273241600,312.394526720
EPiC-GAN,t,,portfolio acquisition cost,311.121285120,1 generator evaluation,0.012732416,0.012732416,311.134017536,0.127324160,311.248609280,1.273241600,312.394526720
PET,g,,portfolio acquisition cost,81.543163968,300 steps x (2 body + 4 head) calls,111.726489600,111.726489600,193.269653568,1117.264896000,1198.808059968,11172.648960000,11254.192123968
PET,q,,portfolio acquisition cost,81.543163968,300 steps x (2 body + 4 head) calls,111.726489600,111.726489600,193.269653568,1117.264896000,1198.808059968,11172.648960000,11254.192123968
PET,t,,portfolio acquisition cost,81.543163968,300 steps x (2 body + 4 head) calls,111.726489600,111.726489600,193.269653568,1117.264896000,1198.808059968,11172.648960000,11254.192123968
OmniLearn,g,,portfolio acquisition cost,109536.215651174,300 steps x (2 body + 4 head) calls,111.726489600,111.726489600,109647.942140774,1117.264896000,110653.480547174,11172.648960000,120708.864611174
OmniLearn (downstream-only alternative),g,,JetNet fine-tune only; upstream pretraining treated as sunk,65.234531174,300 steps x (2 body + 4 head) calls,111.726489600,111.726489600,176.961020774,1117.264896000,1182.499427174,11172.648960000,11237.883491174
OmniLearn,q,,portfolio acquisition cost,109536.215651174,300 steps x (2 body + 4 head) calls,111.726489600,111.726489600,109647.942140774,1117.264896000,110653.480547174,11172.648960000,120708.864611174
OmniLearn (downstream-only alternative),q,,JetNet fine-tune only; upstream pretraining treated as sunk,65.234531174,300 steps x (2 body + 4 head) calls,111.726489600,111.726489600,176.961020774,1117.264896000,1182.499427174,11172.648960000,11237.883491174
OmniLearn,t,,portfolio acquisition cost,109536.215651174,300 steps x (2 body + 4 head) calls,111.726489600,111.726489600,109647.942140774,1117.264896000,110653.480547174,11172.648960000,120708.864611174
OmniLearn (downstream-only alternative),t,,JetNet fine-tune only; upstream pretraining treated as sunk,65.234531174,300 steps x (2 body + 4 head) calls,111.726489600,111.726489600,176.961020774,1117.264896000,1182.499427174,11172.648960000,11237.883491174
PC-JeDi DDIM,g,,portfolio acquisition cost,119.184307200,200 DDIM steps = 200 network evaluations,8.655360000,8.655360000,127.839667200,86.553600000,205.737907200,865.536000000,984.720307200
PC-JeDi DDIM,t,,portfolio acquisition cost,119.184307200,200 DDIM steps = 200 network evaluations,8.655360000,8.655360000,127.839667200,86.553600000,205.737907200,865.536000000,984.720307200
PC-JeDi EM,g,,portfolio acquisition cost,119.184307200,200 Euler-Maruyama steps = 200 network evaluations,8.655360000,8.655360000,127.839667200,86.553600000,205.737907200,865.536000000,984.720307200
PC-JeDi EM,t,,portfolio acquisition cost,119.184307200,200 Euler-Maruyama steps = 200 network evaluations,8.655360000,8.655360000,127.839667200,86.553600000,205.737907200,865.536000000,984.720307200
JetFUEL 64 / unguided (w=0),g,,portfolio acquisition cost,339.965605728,"CFG-trained checkpoint, unguided inference: 64 evaluations",29.185511424,29.185511424,369.151117152,291.855114240,631.820719968,2918.551142400,3258.516748128
JetFUEL 64 / unguided (w=0),q,,portfolio acquisition cost,339.965605728,"CFG-trained checkpoint, unguided inference: 64 evaluations",29.185511424,29.185511424,369.151117152,291.855114240,631.820719968,2918.551142400,3258.516748128
JetFUEL 64 / unguided (w=0),t,,portfolio acquisition cost,339.965605728,"CFG-trained checkpoint, unguided inference: 64 evaluations",29.185511424,29.185511424,369.151117152,291.855114240,631.820719968,2918.551142400,3258.516748128
JetFUEL 128 / unguided (w=0),g,,portfolio acquisition cost,339.965605728,"CFG-trained checkpoint, unguided inference: 128 evaluations",58.371022848,58.371022848,398.336628576,583.710228480,923.675834208,5837.102284800,6177.067890528
JetFUEL 128 / unguided (w=0),q,,portfolio acquisition cost,339.965605728,"CFG-trained checkpoint, unguided inference: 128 evaluations",58.371022848,58.371022848,398.336628576,583.710228480,923.675834208,5837.102284800,6177.067890528
JetFUEL 128 / unguided (w=0),t,,portfolio acquisition cost,339.965605728,"CFG-trained checkpoint, unguided inference: 128 evaluations",58.371022848,58.371022848,398.336628576,583.710228480,923.675834208,5837.102284800,6177.067890528
JetFUEL 64 / optimal guidance,g,0.0,portfolio acquisition cost,339.965605728,"class-optimal w=(0,0.25,0.5): 64 or 128 evaluations",29.185511424,29.185511424,369.151117152,291.855114240,631.820719968,2918.551142400,3258.516748128
JetFUEL 64 / optimal guidance,q,0.25,portfolio acquisition cost,339.965605728,"class-optimal w=(0,0.25,0.5): 64 or 128 evaluations",58.371022848,58.371022848,398.336628576,583.710228480,923.675834208,5837.102284800,6177.067890528
JetFUEL 64 / optimal guidance,t,0.5,portfolio acquisition cost,339.965605728,"class-optimal w=(0,0.25,0.5): 64 or 128 evaluations",58.371022848,58.371022848,398.336628576,583.710228480,923.675834208,5837.102284800,6177.067890528
JetFUEL 128 / optimal measured guidance,g,0.0,portfolio acquisition cost,339.965605728,"best completed w=(0,0,0.5): 128 or 256 evaluations",58.371022848,58.371022848,398.336628576,583.710228480,923.675834208,5837.102284800,6177.067890528
JetFUEL 128 / optimal measured guidance,q,0.0,portfolio acquisition cost,339.965605728,"best completed w=(0,0,0.5): 128 or 256 evaluations",58.371022848,58.371022848,398.336628576,583.710228480,923.675834208,5837.102284800,6177.067890528
JetFUEL 128 / optimal measured guidance,t,0.5,portfolio acquisition cost,339.965605728,"best completed w=(0,0,0.5): 128 or 256 evaluations",116.742045696,116.742045696,456.707651424,1167.420456960,1507.386062688,11674.204569600,12014.170175328
